,Residue_ID,Residue_Name,AlphaFold_pLDDT
0,1,MET,93.19
1,2,SER,92.56
2,3,ASN,93.62
3,4,ASN,93.56
4,5,SER,92.06
5,6,VAL,93.31
6,7,ALA,89.38
7,8,SER,92.88
8,9,LYS,89.75
9,10,ALA,91.94
10,11,SER,92.31
11,12,ALA,92.06
12,13,HIS,94.38
13,14,SER,93.94
14,15,ALA,91.75
15,16,GLU,91.62
16,17,HIS,93.12
17,18,ASP,89.88
18,19,ASP,90.62
19,20,ARG,82.19
20,21,ARG,87.75
21,22,GLY,91.06
22,23,SER,93.44
23,24,PRO,92.0
24,25,SER,94.19
25,26,GLN,94.31
26,27,THR,96.0
27,28,ARG,93.69
28,29,THR,95.06
29,30,ASP,95.06
30,31,HIS,94.5
31,32,PRO,94.62
32,33,GLU,94.94
33,34,ASP,94.62
34,35,VAL,95.25
35,36,THR,94.31
36,37,GLY,93.44
37,38,GLY,94.19
38,39,ASP,94.56
39,40,ARG,94.69
40,41,PRO,95.81
41,42,THR,95.69
42,43,TYR,95.62
43,44,GLU,96.12
44,45,ALA,96.0
45,46,ILE,95.38
46,47,ARG,95.88
47,48,THR,95.25
48,49,PHE,95.62
49,50,SER,94.19
50,51,SER,94.56
51,52,SER,94.81
52,53,ASP,93.69
53,54,SER,92.31
54,55,GLY,91.44
55,56,PRO,92.81
56,57,ASP,92.69
57,58,ASN,92.62
58,59,ALA,91.44
59,60,GLN,91.06
60,61,LEU,91.62
61,62,ALA,91.81
62,63,SER,89.62
63,64,ALA,89.81
64,65,LEU,89.06
65,66,SER,88.81
66,67,ARG,89.88
67,68,SER,90.44
68,69,VAL,89.25
69,70,SER,77.62
70,71,HIS,70.25
71,72,GLN,77.62
72,73,GLY,81.94
73,74,GLY,78.69
74,75,TYR,79.94
75,76,GLY,80.12
76,77,GLY,79.12
77,78,GLN,86.44
78,79,VAL,86.25
79,80,GLU,89.69
80,81,ARG,93.12
81,82,ARG,95.12
82,83,ASP,95.25
83,84,THR,95.5
84,85,LEU,95.62
85,86,ALA,95.56
86,87,GLY,95.12
87,88,ILE,96.31
88,89,GLU,95.56
89,90,ILE,95.31
90,91,GLY,95.25
91,92,ASP,95.31
92,93,PRO,95.69
93,94,VAL,96.19
94,95,LEU,96.06
95,96,ASP,96.0
96,97,PRO,95.0
97,98,THR,95.12
98,99,LYS,95.38
99,100,PRO,94.88
100,101,GLU,94.12
101,102,PHE,95.56
102,103,ASP,96.0
103,104,PHE,94.38
104,105,TYR,95.38
105,106,LYS,95.06
106,107,TRP,94.81
107,108,ALA,95.62
108,109,ARG,95.25
109,110,MET,94.38
110,111,PHE,94.56
111,112,MET,95.0
112,113,LYS,94.69
113,114,LEU,94.94
114,115,MET,95.62
115,116,GLU,95.06
116,117,ASP,94.31
117,118,ASP,95.19
118,119,GLY,95.62
119,120,ILE,96.06
120,121,LYS,95.56
121,122,ARG,95.0
122,123,PRO,93.06
123,124,ARG,96.38
124,125,THR,95.75
125,126,GLY,96.12
126,127,VAL,96.19
127,128,THR,95.56
128,129,TRP,94.94
129,130,LYS,95.5
130,131,ASP,95.5
131,132,LEU,96.31
132,133,ASN,95.94
133,134,VAL,96.44
134,135,SER,95.88
135,136,GLY,96.56
136,137,SER,95.19
137,138,GLY,95.25
138,139,ALA,95.56
139,140,ALA,95.81
140,141,MET,95.94
141,142,HIS,96.25
142,143,TYR,96.19
143,144,GLN,96.06
144,145,ASN,96.06
145,146,THR,96.25
146,147,VAL,95.62
147,148,LEU,96.56
148,149,SER,95.69
149,150,PRO,95.31
150,151,ILE,95.12
151,152,MET,96.0
152,153,ALA,95.62
153,154,PRO,94.81
154,155,PHE,95.25
155,156,ARG,95.19
156,157,LEU,95.5
157,158,ARG,95.56
158,159,GLU,94.56
159,160,TYR,93.81
160,161,PHE,94.31
161,162,GLY,94.44
162,163,THR,95.38
163,164,LYS,95.69
164,165,SER,94.69
165,166,GLU,95.75
166,167,LYS,96.12
167,168,LEU,96.38
168,169,ILE,95.94
169,170,LEU,96.31
170,171,ARG,96.12
171,172,LYS,95.38
172,173,PHE,95.75
173,174,ASN,95.25
174,175,GLY,95.75
175,176,VAL,95.31
176,177,LEU,96.69
177,178,LYS,95.88
178,179,ALA,95.88
179,180,GLY,96.12
180,181,GLU,95.94
181,182,MET,96.31
182,183,LEU,95.94
183,184,ILE,95.75
184,185,VAL,96.06
185,186,LEU,95.75
186,187,GLY,96.44
187,188,ARG,95.44
188,189,PRO,94.81
189,190,GLY,95.25
190,191,SER,95.69
191,192,GLY,96.69
192,193,CYS,95.69
193,194,SER,95.56
194,195,THR,95.25
195,196,PHE,94.19
196,197,LEU,95.69
197,198,LYS,95.75
198,199,THR,95.25
199,200,ILE,94.94
200,201,SER,95.88
201,202,GLY,95.81
202,203,GLU,96.12
203,204,LEU,96.12
204,205,GLN,94.75
205,206,GLY,94.75
206,207,LEU,95.31
207,208,LYS,96.19
208,209,LYS,95.88
209,210,GLY,96.69
210,211,GLU,95.31
211,212,GLY,95.06
212,213,SER,95.88
213,214,VAL,95.56
214,215,VAL,95.62
215,216,HIS,95.88
216,217,TYR,96.31
217,218,ASN,95.25
218,219,GLY,95.31
219,220,VAL,95.81
220,221,PRO,96.25
221,222,GLN,95.75
222,223,ASP,95.56
223,224,ILE,95.44
224,225,PHE,95.69
225,226,ASN,95.25
226,227,LYS,95.94
227,228,GLU,95.38
228,229,PHE,95.94
229,230,ARG,95.81
230,231,GLY,95.88
231,232,GLU,95.94
232,233,ALA,96.56
233,234,THR,95.81
234,235,TYR,95.69
235,236,SER,96.44
236,237,ALA,95.62
237,238,GLU,94.75
238,239,ASP,95.0
239,240,GLU,95.0
240,241,LYS,95.12
241,242,HIS,96.12
242,243,PHE,95.56
243,244,PRO,95.0
244,245,HIS,95.31
245,246,LEU,95.88
246,247,THR,95.56
247,248,VAL,95.56
248,249,GLY,95.81
249,250,GLN,95.0
250,251,THR,95.38
251,252,LEU,95.38
252,253,GLU,95.88
253,254,PHE,95.38
254,255,ALA,95.25
255,256,ALA,95.5
256,257,ALA,95.69
257,258,ALA,95.5
258,259,ARG,95.69
259,260,THR,96.0
260,261,PRO,95.12
261,262,SER,95.81
262,263,LEU,95.25
263,264,ARG,95.75
264,265,VAL,95.12
265,266,MET,94.38
266,267,GLY,95.62
267,268,VAL,94.94
268,269,PRO,95.44
269,270,ARG,96.38
270,271,LYS,95.69
271,272,VAL,94.12
272,273,PHE,95.19
273,274,SER,95.88
274,275,GLN,95.44
275,276,HIS,94.31
276,277,ILE,95.62
277,278,THR,95.62
278,279,LYS,95.0
279,280,VAL,94.94
280,281,VAL,95.81
281,282,MET,95.88
282,283,THR,94.81
283,284,ILE,94.56
284,285,TYR,95.81
285,286,GLY,95.94
286,287,LEU,95.81
287,288,SER,95.75
288,289,HIS,95.0
289,290,THR,96.44
290,291,ARG,95.81
291,292,ASN,95.62
292,293,THR,96.19
293,294,LYS,95.75
294,295,VAL,95.88
295,296,GLY,95.81
296,297,ASP,95.38
297,298,ASP,93.56
298,299,TYR,93.06
299,300,VAL,94.5
300,301,ARG,96.0
301,302,GLY,95.69
302,303,VAL,95.44
303,304,SER,95.31
304,305,GLY,95.25
305,306,GLY,95.62
306,307,GLU,94.94
307,308,ARG,95.75
308,309,LYS,95.44
309,310,ARG,95.94
310,311,VAL,95.62
311,312,SER,95.5
312,313,ILE,95.38
313,314,ALA,95.88
314,315,GLU,95.12
315,316,ILE,95.81
316,317,SER,95.31
317,318,LEU,95.38
318,319,ALA,95.31
319,320,GLY,95.81
320,321,SER,95.62
321,322,GLN,95.69
322,323,VAL,95.5
323,324,VAL,95.75
324,325,CYS,95.94
325,326,TRP,96.38
326,327,ASP,95.94
327,328,ASN,96.19
328,329,SER,95.81
329,330,THR,95.62
330,331,ARG,95.25
331,332,GLY,94.56
332,333,LEU,94.75
333,334,ASP,93.88
334,335,ALA,94.44
335,336,ALA,94.5
336,337,THR,95.38
337,338,ALA,95.69
338,339,LEU,95.06
339,340,GLU,94.56
340,341,PHE,93.19
341,342,THR,94.88
342,343,ARG,95.62
343,344,ALA,95.5
344,345,LEU,95.38
345,346,LYS,95.5
346,347,ILE,94.81
347,348,GLY,95.06
348,349,SER,95.44
349,350,HIS,95.88
350,351,VAL,94.81
351,352,GLY,95.0
352,353,GLY,95.94
353,354,MET,96.0
354,355,THR,95.62
355,356,GLN,96.5
356,357,LEU,95.44
357,358,LEU,96.56
358,359,ALA,96.5
359,360,ILE,95.56
360,361,TYR,94.25
361,362,GLN,94.81
362,363,ALA,95.88
363,364,SER,94.94
364,365,GLN,95.0
365,366,ALA,94.69
366,367,ILE,95.94
367,368,TYR,95.81
368,369,ASP,95.19
369,370,LEU,95.38
370,371,PHE,95.88
371,372,ASP,95.81
372,373,LYS,95.75
373,374,ALA,96.12
374,375,ILE,95.25
375,376,VAL,95.81
376,377,LEU,96.06
377,378,TYR,95.88
378,379,GLU,95.31
379,380,GLY,96.12
380,381,ARG,95.38
381,382,GLN,96.31
382,383,ILE,95.56
383,384,TYR,95.31
384,385,PHE,96.25
385,386,GLY,96.25
386,387,PRO,95.69
387,388,ALA,96.06
388,389,LYS,95.19
389,390,THR,95.44
390,391,ALA,95.81
391,392,LYS,95.62
392,393,LYS,95.31
393,394,TYR,95.25
394,395,PHE,96.25
395,396,GLU,95.62
396,397,ASP,94.62
397,398,MET,95.38
398,399,GLY,95.94
399,400,TRP,95.62
400,401,PHE,95.5
401,402,CYS,96.0
402,403,PRO,95.25
403,404,GLN,94.0
404,405,ARG,93.69
405,406,GLN,95.62
406,407,THR,95.69
407,408,THR,95.56
408,409,GLY,96.25
409,410,ASP,94.81
410,411,PHE,94.06
411,412,LEU,95.94
412,413,THR,96.25
413,414,SER,95.38
414,415,VAL,95.88
415,416,THR,95.94
416,417,ASN,96.38
417,418,PRO,94.69
418,419,GLN,94.12
419,420,GLU,95.5
420,421,ARG,96.19
421,422,ARG,96.06
422,423,PRO,96.06
423,424,ARG,96.75
424,425,LYS,95.88
425,426,GLY,94.94
426,427,PHE,95.75
427,428,GLU,95.5
428,429,THR,94.94
429,430,LYS,95.0
430,431,VAL,96.25
431,432,PRO,95.94
432,433,ARG,95.75
433,434,THR,95.31
434,435,ALA,96.25
435,436,GLN,95.62
436,437,GLU,95.25
437,438,PHE,96.0
438,439,GLU,95.88
439,440,HIS,95.12
440,441,TYR,95.75
441,442,TRP,95.81
442,443,LEU,95.12
443,444,GLN,94.62
444,445,SER,95.44
445,446,GLU,95.0
446,447,THR,95.5
447,448,PHE,95.19
448,449,LYS,94.88
449,450,GLN,95.5
450,451,LEU,95.44
451,452,GLN,95.31
452,453,ALA,94.94
453,454,GLU,95.94
454,455,ILE,95.69
455,456,GLU,94.94
456,457,GLU,95.31
457,458,SER,95.5
458,459,ASP,95.06
459,460,ILE,94.81
460,461,ASP,94.81
461,462,HIS,95.62
462,463,PRO,94.62
463,464,ASP,96.0
464,465,LEU,95.12
465,466,GLY,96.5
466,467,GLU,94.88
467,468,ILE,95.5
468,469,LEU,96.0
469,470,ALA,95.69
470,471,GLU,95.25
471,472,GLN,96.06
472,473,ARG,96.25
473,474,GLU,95.44
474,475,ALA,95.75
475,476,HIS,96.06
476,477,ARG,96.19
477,478,GLN,95.12
478,479,ALA,95.94
479,480,GLN,96.06
480,481,ALA,96.81
481,482,LYS,95.88
482,483,TYR,95.12
483,484,VAL,95.62
484,485,PRO,96.56
485,486,LYS,96.12
486,487,ARG,96.12
487,488,SER,96.31
488,489,PRO,95.81
489,490,TYR,95.81
490,491,THR,96.31
491,492,ILE,96.38
492,493,SER,96.5
493,494,ILE,95.88
494,495,PHE,95.94
495,496,MET,96.0
496,497,GLN,96.31
497,498,LEU,95.31
498,499,LYS,96.25
499,500,LEU,96.0
500,501,CYS,95.56
501,502,MET,95.44
502,503,LYS,95.75
503,504,ARG,96.12
504,505,ALA,94.81
505,506,TYR,95.25
506,507,GLN,95.38
507,508,ARG,95.5
508,509,ILE,94.12
509,510,TRP,95.12
510,511,GLY,96.12
511,512,ASP,95.69
512,513,LYS,95.5
513,514,ALA,94.75
514,515,SER,93.94
515,516,THR,94.06
516,517,ILE,94.44
517,518,ALA,94.56
518,519,VAL,94.75
519,520,ILE,94.44
520,521,ILE,95.0
521,522,SER,95.12
522,523,GLN,95.12
523,524,VAL,94.81
524,525,VAL,95.44
525,526,MET,95.81
526,527,SER,95.25
527,528,LEU,95.94
528,529,ILE,96.31
529,530,ILE,95.88
530,531,GLY,96.06
531,532,SER,96.25
532,533,ILE,96.69
533,534,PHE,96.0
534,535,PHE,96.12
535,536,GLY,96.31
536,537,THR,96.5
537,538,PRO,95.94
538,539,ASN,96.06
539,540,THR,96.06
540,541,THR,94.94
541,542,ASN,95.12
542,543,SER,95.88
543,544,PHE,95.38
544,545,PHE,95.81
545,546,ALA,95.81
546,547,LYS,95.88
547,548,GLY,96.06
548,549,SER,95.94
549,550,ILE,95.5
550,551,LEU,95.69
551,552,PHE,94.75
552,553,PHE,95.38
553,554,ALA,95.44
554,555,ILE,95.12
555,556,LEU,95.5
556,557,LEU,95.25
557,558,ASN,95.06
558,559,GLY,95.5
559,560,LEU,94.56
560,561,MET,94.88
561,562,SER,95.12
562,563,ILE,94.31
563,564,THR,93.81
564,565,GLU,94.69
565,566,ILE,94.5
566,567,ASN,92.62
567,568,GLY,92.0
568,569,ARG,91.56
569,570,THR,88.19
570,571,HIS,93.81
571,572,ILE,90.0
572,573,PRO,91.5
573,574,LEU,92.44
574,575,TYR,92.56
575,576,LYS,93.69
576,577,SER,93.62
577,578,THR,92.56
578,579,ASP,91.38
579,580,MET,86.25
580,581,GLY,87.06
581,582,THR,86.69
582,583,ASP,88.25
583,584,VAL,92.62
584,585,GLN,93.62
585,586,ARG,93.06
586,587,PRO,94.25
587,588,ILE,95.06
588,589,VAL,95.06
589,590,ALA,94.81
590,591,LYS,94.56
591,592,HIS,95.44
592,593,VAL,95.38
593,594,GLY,94.94
594,595,PHE,94.94
595,596,ALA,96.06
596,597,PHE,95.44
597,598,TYR,95.38
598,599,HIS,96.75
599,600,ALA,95.62
600,601,TYR,94.94
601,602,ALA,96.12
602,603,GLU,95.38
603,604,ALA,95.25
604,605,LEU,95.19
605,606,ALA,95.62
606,607,GLY,94.69
607,608,LEU,94.69
608,609,VAL,95.44
609,610,ALA,95.56
610,611,ASP,94.81
611,612,ILE,94.94
612,613,PRO,95.38
613,614,ILE,95.44
614,615,LYS,95.5
615,616,PHE,95.06
616,617,ILE,94.94
617,618,ILE,95.56
618,619,ALA,95.81
619,620,THR,95.38
620,621,VAL,95.12
621,622,PHE,95.69
622,623,ASN,95.94
623,624,ILE,95.88
624,625,ILE,95.69
625,626,LEU,96.0
626,627,TYR,95.94
627,628,PHE,96.0
628,629,LEU,96.06
629,630,GLY,96.19
630,631,GLY,96.38
631,632,LEU,95.69
632,633,ARG,96.25
633,634,ARG,96.31
634,635,GLU,95.94
635,636,PRO,95.75
636,637,SER,95.62
637,638,GLN,96.06
638,639,PHE,95.88
639,640,PHE,96.12
640,641,ILE,95.56
641,642,PHE,95.69
642,643,PHE,95.81
643,644,LEU,95.75
644,645,PHE,95.38
645,646,THR,96.06
646,647,PHE,95.31
647,648,MET,94.94
648,649,THR,95.81
649,650,MET,95.81
650,651,LEU,95.56
651,652,THR,95.31
652,653,MET,95.62
653,654,SER,95.19
654,655,ALA,95.5
655,656,ILE,94.88
656,657,PHE,95.31
657,658,ARG,94.56
658,659,THR,95.0
659,660,LEU,94.31
660,661,ALA,95.0
661,662,ALA,95.5
662,663,ALA,95.12
663,664,THR,95.12
664,665,LYS,95.12
665,666,THR,93.88
666,667,VAL,93.06
667,668,SER,93.31
668,669,GLN,93.81
669,670,ALA,94.38
670,671,LEU,93.62
671,672,ALA,93.69
672,673,PHE,93.81
673,674,ALA,94.75
674,675,GLY,94.88
675,676,VAL,93.94
676,677,MET,94.69
677,678,ILE,94.94
678,679,LEU,94.75
679,680,ALA,95.44
680,681,ILE,95.31
681,682,VAL,95.94
682,683,ILE,95.56
683,684,TYR,95.94
684,685,THR,96.12
685,686,GLY,96.12
686,687,PHE,94.88
687,688,THR,96.12
688,689,ILE,96.38
689,690,GLN,96.12
690,691,ARG,96.56
691,692,SER,95.06
692,693,TYR,95.81
693,694,MET,96.56
694,695,HIS,96.5
695,696,PRO,95.38
696,697,TRP,95.5
697,698,PHE,96.25
698,699,LYS,96.06
699,700,TRP,95.12
700,701,ILE,96.12
701,702,SER,96.12
702,703,TRP,95.06
703,704,ILE,96.0
704,705,ASN,96.81
705,706,PRO,95.56
706,707,VAL,95.69
707,708,ALA,96.12
708,709,TYR,95.56
709,710,GLY,96.12
710,711,PHE,95.38
711,712,GLU,95.81
712,713,SER,96.25
713,714,ILE,95.75
714,715,LEU,95.69
715,716,VAL,96.38
716,717,ASN,96.25
717,718,GLU,96.62
718,719,VAL,95.75
719,720,HIS,96.31
720,721,GLY,95.56
721,722,GLN,96.25
722,723,ARG,95.94
723,724,TYR,96.19
724,725,GLN,96.31
725,726,CYS,96.19
726,727,ALA,95.69
727,728,VAL,95.81
728,729,PRO,95.31
729,730,VAL,96.31
730,731,PRO,95.12
731,732,PRO,96.12
732,733,TYR,94.0
733,734,GLY,94.62
734,735,THR,95.06
735,736,GLY,94.44
736,737,ASN,95.88
737,738,ASN,95.56
738,739,PHE,95.94
739,740,GLU,96.31
740,741,CYS,96.5
741,742,ALA,95.56
742,743,VAL,95.81
743,744,ALA,95.75
744,745,GLY,95.69
745,746,ALA,95.88
746,747,ILE,95.5
747,748,PRO,95.5
748,749,GLY,95.44
749,750,GLU,95.62
750,751,ARG,95.81
751,752,THR,95.94
752,753,VAL,96.44
753,754,SER,96.31
754,755,GLY,96.62
755,756,ASP,95.62
756,757,SER,95.12
757,758,TRP,95.38
758,759,VAL,96.62
759,760,GLU,95.69
760,761,SER,94.81
761,762,ALA,95.62
762,763,TYR,95.94
763,764,GLY,95.94
764,765,TYR,96.25
765,766,SER,96.56
766,767,TYR,96.06
767,768,ALA,95.12
768,769,HIS,96.44
769,770,ILE,96.31
770,771,TRP,95.56
771,772,ARG,95.62
772,773,ASN,96.5
773,774,LEU,95.56
774,775,GLY,96.44
775,776,ILE,96.19
776,777,LEU,96.19
777,778,PHE,95.5
778,779,GLY,95.88
779,780,PHE,95.69
780,781,MET,95.25
781,782,PHE,95.69
782,783,PHE,95.5
783,784,PHE,96.12
784,785,TYR,95.5
785,786,ALA,96.0
786,787,LEU,95.56
787,788,TYR,94.56
788,789,LEU,95.75
789,790,PHE,95.56
790,791,ALA,95.44
791,792,THR,95.31
792,793,GLU,95.62
793,794,PHE,95.0
794,795,ASN,95.62
795,796,LEU,93.75
796,797,SER,93.69
797,798,THR,94.31
798,799,LEU,93.62
799,800,SER,93.81
800,801,ALA,94.19
801,802,ALA,95.5
802,803,GLU,95.56
803,804,TYR,95.88
804,805,LEU,96.38
805,806,VAL,96.25
806,807,PHE,96.56
807,808,GLN,96.62
808,809,ARG,96.5
809,810,GLY,96.0
810,811,TYR,96.0
811,812,VAL,96.0
812,813,PRO,96.25
813,814,LYS,96.38
814,815,HIS,95.0
815,816,LEU,95.75
816,817,THR,95.31
817,818,ASN,94.69
818,819,HIS,95.44
819,820,TYR,95.19
820,821,ASP,94.06
821,822,GLU,94.62
822,823,GLU,94.69
823,824,LYS,94.06
824,825,ASP,92.25
825,826,ALA,81.06
826,827,SER,84.06
827,828,GLY,83.31
828,829,LEU,87.94
829,830,GLN,90.56
830,831,GLN,91.94
831,832,ASP,91.5
832,833,MET,92.69
833,834,ASN,92.25
834,835,ILE,93.25
835,836,ARG,92.94
836,837,PRO,93.94
837,838,GLU,93.38
838,839,GLU,93.94
839,840,SER,95.38
840,841,PRO,94.81
841,842,ILE,95.12
842,843,GLU,95.0
843,844,GLU,94.88
844,845,THR,95.0
845,846,VAL,95.56
846,847,HIS,94.56
847,848,ALA,95.19
848,849,ILE,95.69
849,850,PRO,95.62
850,851,PRO,95.25
851,852,GLN,95.81
852,853,LYS,95.5
853,854,ASP,96.0
854,855,VAL,95.88
855,856,PHE,95.69
856,857,THR,95.56
857,858,TRP,95.5
858,859,ARG,96.06
859,860,ASN,95.81
860,861,VAL,96.25
861,862,VAL,95.62
862,863,TYR,96.25
863,864,ASP,95.44
864,865,ILE,96.12
865,866,SER,95.06
866,867,ILE,95.56
867,868,LYS,94.94
868,869,GLY,94.19
869,870,GLU,95.25
870,871,PRO,95.31
871,872,ARG,96.81
872,873,ARG,96.69
873,874,LEU,96.06
874,875,LEU,96.31
875,876,ASP,96.5
876,877,ASN,95.69
877,878,VAL,96.25
878,879,SER,95.38
879,880,GLY,95.88
880,881,TRP,94.88
881,882,VAL,96.25
882,883,ARG,96.25
883,884,PRO,95.5
884,885,GLY,96.25
885,886,THR,95.88
886,887,LEU,96.69
887,888,THR,95.88
888,889,ALA,96.38
889,890,LEU,96.06
890,891,MET,96.0
891,892,GLY,96.0
892,893,VAL,95.25
893,894,SER,94.56
894,895,GLY,95.44
895,896,ALA,95.56
896,897,GLY,96.88
897,898,LYS,96.12
898,899,THR,94.69
899,900,THR,95.5
900,901,LEU,95.19
901,902,LEU,96.06
902,903,ASP,95.88
903,904,ALA,95.38
904,905,LEU,95.19
905,906,ALA,96.38
906,907,GLN,96.19
907,908,ARG,95.75
908,909,THR,96.06
909,910,THR,95.38
910,911,MET,95.69
911,912,GLY,95.88
912,913,VAL,96.0
913,914,ILE,96.0
914,915,THR,95.06
915,916,GLY,95.88
916,917,ASP,94.81
917,918,MET,96.12
918,919,LEU,95.38
919,920,VAL,96.56
920,921,ASN,96.12
921,922,GLY,95.69
922,923,LYS,96.19
923,924,SER,96.62
924,925,LEU,96.56
925,926,ASP,95.56
926,927,MET,95.31
927,928,SER,95.31
928,929,PHE,94.88
929,930,GLN,95.81
930,931,ARG,95.62
931,932,LYS,96.0
932,933,THR,95.94
933,934,GLY,96.31
934,935,TYR,96.25
935,936,VAL,96.44
936,937,GLN,96.0
937,938,GLN,94.62
938,939,GLN,95.38
939,940,ASP,96.12
940,941,LEU,95.75
941,942,HIS,96.38
942,943,LEU,95.81
943,944,GLU,95.25
944,945,THR,95.62
945,946,THR,96.25
946,947,THR,95.38
947,948,VAL,95.5
948,949,ARG,95.19
949,950,GLU,95.0
950,951,ALA,96.19
951,952,LEU,95.5
952,953,ARG,96.06
953,954,PHE,95.44
954,955,SER,95.5
955,956,ALA,95.88
956,957,MET,95.88
957,958,LEU,96.25
958,959,ARG,96.25
959,960,GLN,96.31
960,961,PRO,96.12
961,962,LYS,96.31
962,963,SER,95.19
963,964,VAL,96.19
964,965,SER,96.31
965,966,LYS,95.88
966,967,THR,95.88
967,968,GLU,95.88
968,969,LYS,96.31
969,970,TYR,96.31
970,971,ALA,95.62
971,972,TYR,95.0
972,973,VAL,96.31
973,974,GLU,95.81
974,975,ASP,94.75
975,976,VAL,95.81
976,977,ILE,96.0
977,978,ASP,94.62
978,979,MET,95.38
979,980,LEU,96.56
980,981,ASN,95.38
981,982,MET,96.0
982,983,ARG,95.81
983,984,ASP,94.5
984,985,PHE,95.81
985,986,SER,96.56
986,987,GLU,96.69
987,988,ALA,96.5
988,989,VAL,96.62
989,990,VAL,96.19
990,991,GLY,96.44
991,992,ASN,95.0
992,993,PRO,94.62
993,994,GLY,95.62
994,995,GLU,95.31
995,996,GLY,96.31
996,997,LEU,96.25
997,998,ASN,95.62
998,999,VAL,95.38
999,1000,GLU,94.56
1000,1001,GLN,95.5
1001,1002,ARG,96.25
1002,1003,LYS,95.94
1003,1004,LEU,95.5
1004,1005,LEU,95.81
1005,1006,THR,96.12
1006,1007,ILE,95.25
1007,1008,GLY,95.94
1008,1009,VAL,96.5
1009,1010,GLU,96.31
1010,1011,LEU,95.69
1011,1012,ALA,95.81
1012,1013,ALA,95.88
1013,1014,LYS,96.06
1014,1015,PRO,95.75
1015,1016,ALA,96.19
1016,1017,LEU,95.5
1017,1018,LEU,96.19
1018,1019,LEU,96.44
1019,1020,PHE,96.19
1020,1021,LEU,96.25
1021,1022,ASP,95.94
1022,1023,GLU,95.81
1023,1024,PRO,95.38
1024,1025,THR,95.75
1025,1026,SER,94.62
1026,1027,GLY,94.62
1027,1028,LEU,95.44
1028,1029,ASP,94.38
1029,1030,SER,94.69
1030,1031,GLN,94.62
1031,1032,SER,95.25
1032,1033,SER,95.62
1033,1034,TRP,94.31
1034,1035,SER,94.69
1035,1036,ILE,95.56
1036,1037,ILE,95.19
1037,1038,THR,95.19
1038,1039,PHE,94.38
1039,1040,LEU,95.5
1040,1041,ARG,95.81
1041,1042,LYS,94.88
1042,1043,LEU,96.06
1043,1044,ALA,96.19
1044,1045,ASP,95.56
1045,1046,ASN,95.62
1046,1047,GLY,96.12
1047,1048,GLN,96.0
1048,1049,ALA,95.94
1049,1050,VAL,96.12
1050,1051,LEU,96.25
1051,1052,SER,96.31
1052,1053,THR,96.25
1053,1054,ILE,94.62
1054,1055,HIS,91.75
1055,1056,GLN,89.12
1056,1057,PRO,84.94
1057,1058,SER,94.56
1058,1059,ALA,94.75
1059,1060,ILE,94.31
1060,1061,LEU,96.0
1061,1062,PHE,95.31
1062,1063,GLN,95.12
1063,1064,GLN,95.69
1064,1065,PHE,96.25
1065,1066,ASP,96.12
1066,1067,ARG,96.12
1067,1068,LEU,95.94
1068,1069,LEU,96.44
1069,1070,PHE,96.06
1070,1071,LEU,96.19
1071,1072,ALA,96.38
1072,1073,LYS,96.19
1073,1074,GLY,95.75
1074,1075,GLY,96.69
1075,1076,LYS,96.19
1076,1077,THR,96.19
1077,1078,VAL,96.0
1078,1079,TYR,95.5
1079,1080,PHE,96.31
1080,1081,GLY,96.38
1081,1082,ASP,95.5
1082,1083,ILE,95.88
1083,1084,GLY,96.06
1084,1085,GLU,95.06
1085,1086,ASN,95.25
1086,1087,SER,96.06
1087,1088,ARG,96.0
1088,1089,THR,95.69
1089,1090,LEU,96.25
1090,1091,LEU,95.62
1091,1092,ASP,94.94
1092,1093,TYR,95.38
1093,1094,PHE,96.12
1094,1095,GLU,94.88
1095,1096,ARG,96.12
1096,1097,ASN,96.62
1097,1098,GLY,95.06
1098,1099,ALA,95.75
1099,1100,GLU,96.0
1100,1101,PRO,96.06
1101,1102,CYS,96.38
1102,1103,GLY,96.31
1103,1104,SER,95.5
1104,1105,ASN,94.94
1105,1106,ASP,95.56
1106,1107,ASN,96.56
1107,1108,PRO,94.56
1108,1109,ALA,95.88
1109,1110,GLU,95.06
1110,1111,TYR,94.19
1111,1112,MET,95.19
1112,1113,LEU,96.12
1113,1114,ASP,94.19
1114,1115,VAL,95.31
1115,1116,VAL,96.19
1116,1117,GLY,95.69
1117,1118,ALA,95.56
1118,1119,GLY,94.25
1119,1120,PRO,92.75
1120,1121,SER,92.31
1121,1122,GLY,94.06
1122,1123,LYS,94.88
1123,1124,SER,95.38
1124,1125,GLU,94.5
1125,1126,GLN,95.75
1126,1127,ASP,96.38
1127,1128,TRP,95.69
1128,1129,PRO,95.94
1129,1130,THR,95.31
1130,1131,ILE,95.06
1131,1132,TRP,96.0
1132,1133,ASN,95.44
1133,1134,GLU,94.5
1134,1135,SER,95.56
1135,1136,GLU,95.12
1136,1137,GLU,96.25
1137,1138,ALA,96.0
1138,1139,ARG,95.19
1139,1140,ARG,95.44
1140,1141,VAL,95.94
1141,1142,GLN,95.75
1142,1143,GLU,94.94
1143,1144,GLU,96.0
1144,1145,ILE,96.0
1145,1146,ASP,95.75
1146,1147,ARG,95.5
1147,1148,ILE,95.88
1148,1149,ASN,96.19
1149,1150,ALA,95.25
1150,1151,GLU,96.25
1151,1152,LYS,96.19
1152,1153,GLU,96.31
1153,1154,LYS,95.56
1154,1155,ASP,95.5
1155,1156,GLU,95.38
1156,1157,SER,94.81
1157,1158,LEU,95.75
1158,1159,GLN,95.19
1159,1160,GLU,95.62
1160,1161,PRO,96.12
1161,1162,THR,94.94
1162,1163,GLU,95.5
1163,1164,THR,96.31
1164,1165,PRO,96.38
1165,1166,ARG,96.25
1166,1167,GLU,96.12
1167,1168,PHE,96.25
1168,1169,ALA,96.38
1169,1170,MET,96.44
1170,1171,PRO,96.5
1171,1172,PHE,95.75
1172,1173,THR,96.0
1173,1174,SER,95.81
1174,1175,GLN,96.44
1175,1176,VAL,95.38
1176,1177,TYR,95.88
1177,1178,TYR,96.0
1178,1179,VAL,95.94
1179,1180,THR,95.44
1180,1181,ILE,95.81
1181,1182,ARG,95.81
1182,1183,VAL,95.31
1183,1184,PHE,95.81
1184,1185,GLN,95.62
1185,1186,GLN,95.19
1186,1187,TYR,94.75
1187,1188,TRP,95.44
1188,1189,ARG,95.88
1189,1190,THR,95.81
1190,1191,PRO,95.06
1191,1192,THR,95.19
1192,1193,TYR,93.25
1193,1194,ILE,94.88
1194,1195,TRP,94.5
1195,1196,GLY,95.31
1196,1197,LYS,94.75
1197,1198,LEU,94.62
1198,1199,LEU,94.62
1199,1200,LEU,94.56
1200,1201,GLY,95.25
1201,1202,ILE,94.94
1202,1203,MET,94.94
1203,1204,ALA,95.62
1204,1205,ALA,95.31
1205,1206,VAL,95.69
1206,1207,PHE,95.56
1207,1208,ILE,95.62
1208,1209,GLY,96.06
1209,1210,PHE,95.88
1210,1211,SER,96.06
1211,1212,PHE,96.81
1212,1213,TYR,95.81
1213,1214,MET,96.06
1214,1215,GLN,96.5
1215,1216,ASN,95.44
1216,1217,ALA,96.12
1217,1218,SER,95.69
1218,1219,ILE,95.25
1219,1220,ALA,95.31
1220,1221,GLY,96.31
1221,1222,LEU,95.62
1222,1223,GLN,95.81
1223,1224,ASN,96.38
1224,1225,THR,95.69
1225,1226,LEU,95.69
1226,1227,PHE,96.38
1227,1228,ALA,95.88
1228,1229,ILE,95.31
1229,1230,PHE,95.44
1230,1231,MET,95.94
1231,1232,LEU,95.38
1232,1233,THR,95.69
1233,1234,THR,95.06
1234,1235,ILE,95.44
1235,1236,PHE,95.75
1236,1237,SER,95.38
1237,1238,THR,94.75
1238,1239,LEU,95.12
1239,1240,VAL,95.69
1240,1241,GLN,94.94
1241,1242,GLN,94.88
1242,1243,ILE,95.44
1243,1244,MET,94.75
1244,1245,PRO,93.81
1245,1246,ARG,95.12
1246,1247,PHE,94.94
1247,1248,VAL,94.94
1248,1249,THR,94.38
1249,1250,GLN,95.44
1250,1251,ARG,95.12
1251,1252,SER,94.69
1252,1253,LEU,94.62
1253,1254,PHE,94.69
1254,1255,GLU,94.56
1255,1256,VAL,95.19
1256,1257,ARG,95.88
1257,1258,GLU,95.94
1258,1259,ARG,95.0
1259,1260,PRO,95.38
1260,1261,SER,95.94
1261,1262,ARG,95.94
1262,1263,ALA,95.81
1263,1264,TYR,95.38
1264,1265,SER,96.25
1265,1266,TRP,95.25
1266,1267,GLN,95.81
1267,1268,ALA,95.88
1268,1269,PHE,95.12
1269,1270,LEU,95.19
1270,1271,LEU,95.69
1271,1272,ALA,95.69
1272,1273,ASN,95.62
1273,1274,VAL,95.56
1274,1275,MET,95.56
1275,1276,VAL,95.5
1276,1277,GLU,96.44
1277,1278,ILE,95.12
1278,1279,PRO,95.38
1279,1280,TYR,95.38
1280,1281,GLN,96.19
1281,1282,ILE,95.38
1282,1283,PHE,95.44
1283,1284,LEU,95.44
1284,1285,GLY,96.0
1285,1286,VAL,95.31
1286,1287,ILE,95.94
1287,1288,VAL,95.69
1288,1289,TRP,95.06
1289,1290,ALA,95.62
1290,1291,ALA,95.88
1291,1292,LEU,96.38
1292,1293,TYR,96.06
1293,1294,TYR,95.62
1294,1295,PRO,95.62
1295,1296,VAL,96.38
1296,1297,PHE,95.62
1297,1298,GLY,95.62
1298,1299,VAL,94.94
1299,1300,HIS,94.94
1300,1301,GLN,96.38
1301,1302,SER,95.88
1302,1303,SER,95.69
1303,1304,GLU,95.62
1304,1305,ARG,96.31
1305,1306,GLN,96.38
1306,1307,GLY,96.38
1307,1308,LEU,95.62
1308,1309,PHE,95.94
1309,1310,VAL,95.94
1310,1311,ILE,95.88
1311,1312,PHE,95.81
1312,1313,SER,95.69
1313,1314,VAL,95.75
1314,1315,GLN,95.31
1315,1316,PHE,95.19
1316,1317,PHE,95.5
1317,1318,ILE,95.38
1318,1319,PHE,95.19
1319,1320,GLY,95.88
1320,1321,SER,95.69
1321,1322,THR,95.44
1322,1323,PHE,95.38
1323,1324,ALA,95.81
1324,1325,GLN,96.06
1325,1326,MET,94.88
1326,1327,VAL,95.69
1327,1328,ILE,95.94
1328,1329,ALA,95.69
1329,1330,GLY,96.31
1330,1331,LEU,95.62
1331,1332,PRO,95.38
1332,1333,ASP,94.94
1333,1334,ALA,95.5
1334,1335,GLU,93.25
1335,1336,THR,94.25
1336,1337,ALA,95.94
1337,1338,GLY,95.31
1338,1339,ASN,93.88
1339,1340,ILE,94.75
1340,1341,ALA,95.69
1341,1342,THR,94.44
1342,1343,THR,94.56
1343,1344,LEU,95.38
1344,1345,PHE,94.62
1345,1346,SER,94.31
1346,1347,LEU,94.75
1347,1348,MET,95.31
1348,1349,LEU,95.44
1349,1350,THR,95.38
1350,1351,PHE,95.69
1351,1352,ASN,95.75
1352,1353,GLY,95.94
1353,1354,VAL,95.12
1354,1355,LEU,95.56
1355,1356,GLN,95.75
1356,1357,SER,96.44
1357,1358,PRO,95.62
1358,1359,ARG,95.38
1359,1360,ALA,95.62
1360,1361,LEU,96.69
1361,1362,PRO,96.12
1362,1363,GLY,96.62
1363,1364,PHE,95.56
1364,1365,TRP,96.44
1365,1366,VAL,96.06
1366,1367,PHE,95.12
1367,1368,MET,96.56
1368,1369,TRP,95.19
1369,1370,ARG,96.0
1370,1371,VAL,96.0
1371,1372,SER,96.69
1372,1373,PRO,95.25
1373,1374,LEU,95.5
1374,1375,THR,96.0
1375,1376,TYR,95.5
1376,1377,THR,95.69
1377,1378,VAL,95.81
1378,1379,GLY,96.44
1379,1380,GLY,95.94
1380,1381,LEU,95.5
1381,1382,ALA,96.06
1382,1383,ALA,96.06
1383,1384,THR,95.56
1384,1385,VAL,95.94
1385,1386,LEU,96.31
1386,1387,HIS,95.88
1387,1388,GLU,94.31
1388,1389,ARG,95.62
1389,1390,VAL,96.0
1390,1391,VAL,96.12
1391,1392,ARG,96.25
1392,1393,CYS,95.81
1393,1394,ALA,95.88
1394,1395,GLU,94.75
1395,1396,ASN,95.25
1396,1397,GLU,95.75
1397,1398,LEU,95.12
1398,1399,ALA,96.12
1399,1400,VAL,96.31
1400,1401,PHE,95.88
1401,1402,ASP,96.19
1402,1403,PRO,96.19
1403,1404,PRO,95.12
1404,1405,ASP,93.81
1405,1406,GLY,94.31
1406,1407,ALA,95.69
1407,1408,THR,94.88
1408,1409,CYS,96.38
1409,1410,GLY,96.12
1410,1411,GLN,94.0
1411,1412,TYR,95.0
1412,1413,LEU,96.25
1413,1414,GLU,94.75
1414,1415,ARG,94.81
1415,1416,PHE,95.25
1416,1417,PHE,95.69
1417,1418,ALA,94.44
1418,1419,LEU,95.0
1419,1420,GLY,95.0
1420,1421,ALA,95.25
1421,1422,PRO,95.69
1422,1423,GLY,95.75
1423,1424,ARG,96.12
1424,1425,LEU,96.12
1425,1426,ASN,95.81
1426,1427,ASN,95.56
1427,1428,PRO,95.12
1428,1429,PHE,94.06
1429,1430,ALA,96.12
1430,1431,THR,94.94
1431,1432,GLN,94.5
1432,1433,GLY,95.62
1433,1434,CYS,95.62
1434,1435,GLU,96.69
1435,1436,TYR,95.62
1436,1437,CYS,96.38
1437,1438,PRO,95.88
1438,1439,LEU,95.94
1439,1440,SER,95.75
1440,1441,SER,95.75
1441,1442,GLY,96.12
1442,1443,ASP,95.44
1443,1444,GLN,94.69
1444,1445,PHE,95.69
1445,1446,LEU,96.38
1446,1447,ALA,95.19
1447,1448,GLU,94.69
1448,1449,SER,96.5
1449,1450,GLU,96.06
1450,1451,ILE,96.44
1451,1452,PHE,96.62
1452,1453,TRP,95.88
1453,1454,ASN,95.19
1454,1455,GLN,96.81
1455,1456,ARG,95.62
1456,1457,TRP,95.94
1457,1458,ARG,95.62
1458,1459,ASN,96.69
1459,1460,PHE,95.44
1460,1461,GLY,96.62
1461,1462,ILE,95.75
1462,1463,GLY,96.19
1463,1464,TRP,95.88
1464,1465,GLY,95.94
1465,1466,TYR,96.0
1466,1467,ILE,95.81
1467,1468,GLY,96.12
1468,1469,PHE,95.25
1469,1470,ASN,96.06
1470,1471,VAL,95.19
1471,1472,PHE,95.44
1472,1473,ALA,96.06
1473,1474,THR,95.88
1474,1475,VAL,95.62
1475,1476,VAL,95.44
1476,1477,LEU,95.62
1477,1478,TYR,95.25
1478,1479,TYR,95.5
1479,1480,LEU,95.19
1480,1481,PHE,95.88
1481,1482,ARG,95.31
1482,1483,VAL,95.75
1483,1484,ARG,95.75
1484,1485,LYS,95.25
1485,1486,SER,94.81
1486,1487,SER,95.44
1487,1488,GLY,95.31
1488,1489,LYS,95.81
1489,1490,THR,96.44
1490,1491,SER,96.31
1491,1492,PRO,95.62
1492,1493,LYS,96.0
1493,1494,LYS,95.88
1494,1495,TRP,96.06
1495,1496,LEU,95.94
1496,1497,SER,96.06
1497,1498,LEU,96.38
1498,1499,ALA,95.62
1499,1500,LYS,95.88
1500,1501,TYR,95.75
1501,1502,TYR,95.75
1502,1503,ALA,95.94
1503,1504,VAL,95.88
1504,1505,THR,96.19
1505,1506,ILE,96.06
1506,1507,ALA,96.06
1507,1508,TYR,95.94
1508,1509,TRP,96.25
1509,1510,VAL,96.44
1510,1511,ARG,96.38
1511,1512,SER,96.56
1512,1513,ILE,96.19
1513,1514,PHE,96.31
1514,1515,VAL,96.38
1515,1516,ARG,96.31
1516,1517,ARG,96.12
1517,1518,ARG,96.69
1518,1519,GLU,95.94
1519,1520,LYS,96.38
1520,1521,THR,96.62
1521,1522,PRO,94.81
1522,1523,ARG,95.44
1523,1524,GLY,94.0
1524,1525,LYS,91.56
1525,1526,GLU,94.94
1526,1527,HIS,94.12
1527,1528,ILE,95.5
1528,1529,CYS,93.94
1529,1530,ASP,94.75
1530,1531,LYS,95.06
1531,1532,ILE,92.12
1532,1533,TYR,90.88
