Gene ID,Protein Accession,NBD1 Range,NBD2 Range,
CIMG_00533,XP_001246762.2,172-330,875-1026,
CIMG_00780,XP_001247009.1,422-580,1064-1215,
CIMG_01418,XP_001247647.1,192-351,887-1038,
CIMG_06197,XP_001242301.1,447-604,1116-1267,
CIMG_09093,XP_001239472.1,141-300,833-983,
,,,,
TMD Helix Locations:,,,,
Gene ID,Protein Accession,Protein Family,TMhelix TMD,TRANSMEMBRANE TMD
CIMG_00533,XP_001246762.2,PDR,514-536,517-537
,,,543-565,544-563
,,,605-627,612-632
,,,640-662,639-661
,,,667-689,667-689
,,,770-792,774-791
,,,1191-1213,1193-1213
,,,1226-1245,1225-1244
,,,1278-1300,1278-1296
,,,1307-1329,1308-1331
,,,-,1337-1355
,,,1364-1386,1367-1386
,,,1461-1483,1462-1481
,,,1498-1515,-
,,,Shared Total: 13,
CIMG_00780,XP_001247009.1,MDR,80-102,74-102
,,,127-149,128-152
,,,201-220,201-219
,,,224-246,225-246
,,,306-328,310-329
,,,343-365,341-360
,,,720-742,720-744
,,,767-789,764-792
,,,843-862,843-861
,,,867-884,867-884
,,,948-970,950-972
,,,985-1007,984-1005
,,,Shared Total: 12,
CIMG_01418,XP_001247647.1,PDR,535-557,535-556
,,,570-592,571-591
,,,612-634,612-635
,,,647-669,647-666
,,,674-696,678-697
,,,783-805,783-804
,,,1202-1224,1204-1224
,,,1237-1259,1236-1259
,,,1285-1307,1280-1306
,,,1327-1346,1326-1348
,,,1361-1383,1360-1379
,,,-,1391-1408
,,,1476-1498,1476-1497
,,,Shared Total: 11,
CIMG_06197,XP_001242301.1,MDR,99-121,99-123
,,,152-174,150-174
,,,226-245,226-244
,,,250-272,250-273
,,,330-352,331-352
,,,362-384,364-384
,,,772-794,772-795
,,,820-842,815-842
,,,888-910,894-914
,,,920-942,920-941
,,,1002-1024,1002-1022
,,,1034-1056,1034-1058
,,,Shared Total: 12,
CIMG_09093,XP_001239472.1,PDR,485-507,487-507
,,,519-541,519-541
,,,561-583,-
,,,595-614,595-615
,,,624-646,627-646
,,,736-758,733-753
,,,-,1159-1178
,,,1192-1214,1190-1213
,,,1239-1261,1234-1260
,,,1281-1303,1280-1302
,,,1315-1337,1314-1338
,,,1431-1450,1431-1450
,,,Shared Total: 11,