Query_ID,Subject_ID,Identity,Alignment_Length,E-value,Bit_Score
sp|F2SG60.3|MDR3_TRIRC,XP_001247647.1,78.445,1466,0.0,2420.0
sp|F2SQT8.3|MDR5_TRIRC,XP_001247009.1,75.02,1269,0.0,1971.0
sp|F2T1C4.1|MDR2_TRIRC,XP_001242301.1,71.875,1344,0.0,1967.0
sp|F2SHL1.3|MDR1_TRIRC,XP_001246762.2,70.518,1506,0.0,2191.0
sp|Q4WTT9.1|MDR1_ASPFU,XP_001242301.1,70.285,1299,0.0,1919.0
EDP51357.1,XP_001242301.1,70.285,1299,0.0,1918.0
sp|E9RBG1.1|ABCC_ASPFU,XP_001239472.1,65.74,1439,0.0,1909.0
sp|E9RBG1.1|ABCC_ASPFU,XP_001247647.1,63.475,1410,0.0,1884.0
sp|P9WEU3.1|AFR2_CRYD2,XP_001239472.1,61.315,1445,0.0,1783.0
sp|J9VPA2.1|AFR2_CRYNH,XP_001239472.1,61.038,1445,0.0,1777.0
sp|Q4WSI1.1|MDR4_ASPFU,XP_001242956.1,60.912,1338,0.0,1617.0
sp|J9VPA2.1|AFR2_CRYNH,XP_001247647.1,58.528,1413,0.0,1739.0
sp|P9WEU3.1|AFR2_CRYD2,XP_001247647.1,58.386,1413,0.0,1743.0
sp|F2SG60.3|MDR3_TRIRC,XP_001239472.1,56.812,1468,0.0,1670.0
sp|E9RBG1.1|ABCC_ASPFU,XP_001246762.2,51.802,1415,0.0,1444.0
sp|A0A2H1A768.1|CDR1_CANAR,XP_001247647.1,51.675,1463,0.0,1555.0
sp|Q5ANA3.2|CDR1_CANAL,XP_001247647.1,51.469,1430,0.0,1526.0
CAA54692.1,XP_001247647.1,51.469,1430,0.0,1524.0
sp|P33302.1|PDR5_YEAST,XP_001247647.1,50.627,1436,0.0,1503.0
sp|J9VME1.1|AFR1_CRYNH,XP_001242727.2,50.275,1452,0.0,1454.0
sp|F2SHL1.3|MDR1_TRIRC,XP_001247647.1,50.106,1413,0.0,1426.0
sp|Q6FK23.1|CDR1_CANGA,XP_001247647.1,50.067,1500,0.0,1497.0
CAA54692.1,XP_001239472.1,49.898,1467,0.0,1418.0
sp|P78595.2|CDR2_CANAL,XP_001247647.1,49.895,1429,0.0,1486.0
sp|P9WEU3.1|AFR2_CRYD2,XP_001246762.2,49.86,1428,0.0,1416.0
sp|Q5ANA3.2|CDR1_CANAL,XP_001239472.1,49.83,1467,0.0,1418.0
sp|O74208.3|PDH1_CANGA,XP_001247647.1,49.828,1455,0.0,1483.0
sp|P9WEU4.1|AFR1_CRYD2,XP_001242727.2,49.563,1487,0.0,1463.0
sp|F2SG60.3|MDR3_TRIRC,XP_001246762.2,49.5,1501,0.0,1415.0
sp|A0A2H1A768.1|CDR1_CANAR,XP_001239472.1,49.288,1475,0.0,1411.0
sp|Q8X0Z3|Q8X0Z3_CRYNE,XP_001242727.2,49.264,1494,0.0,1444.0
sp|P78595.2|CDR2_CANAL,XP_001239472.1,49.016,1473,0.0,1395.0
sp|Q6FK23.1|CDR1_CANGA,XP_001239472.1,48.986,1480,0.0,1391.0
sp|J9VPA2.1|AFR2_CRYNH,XP_001246762.2,48.95,1428,0.0,1395.0
sp|J9VF33.1|MDR1_CRYNH,XP_001245124.2,48.8,250,2.12e-60,220.0
sp|P33302.1|PDR5_YEAST,XP_001239472.1,48.764,1456,0.0,1361.0
sp|F2SHL1.3|MDR1_TRIRC,XP_001239472.1,48.203,1419,0.0,1315.0
sp|P33302.1|PDR5_YEAST,XP_001246762.2,46.63,1439,0.0,1298.0
sp|O74208.3|PDH1_CANGA,XP_001239472.1,46.332,1513,0.0,1347.0
sp|J9VF33.1|MDR1_CRYNH,XP_001247950.2,46.067,267,1.67e-59,214.0
sp|Q4WSI1.1|MDR4_ASPFU,XP_001247659.2,45.872,1308,0.0,1162.0
EDP51357.1,XP_001244126.2,45.49,255,3.7700000000000003e-59,217.0
sp|Q4WTT9.1|MDR1_ASPFU,XP_001244126.2,45.49,255,3.94e-59,217.0
sp|O74208.3|PDH1_CANGA,XP_001246762.2,45.461,1454,0.0,1274.0
sp|Q6FK23.1|CDR1_CANGA,XP_001246762.2,45.316,1441,0.0,1261.0
sp|A0A2H1A768.1|CDR1_CANAR,XP_001246762.2,45.253,1485,0.0,1269.0
sp|F2SQT8.3|MDR5_TRIRC,XP_001247950.2,45.082,244,1.13e-59,214.0
sp|J9VF33.1|MDR1_CRYNH,XP_001242301.1,45.031,1288,0.0,1032.0
sp|Q4WTT9.1|MDR1_ASPFU,XP_001241670.1,44.898,98,4.1e-16,78.6
EDP51357.1,XP_001241670.1,44.898,98,4.17e-16,78.6
sp|P78595.2|CDR2_CANAL,XP_001246762.2,44.46,1471,0.0,1249.0
sp|Q5ANA3.2|CDR1_CANAL,XP_001246762.2,44.401,1527,0.0,1272.0
CAA54692.1,XP_001246762.2,44.27,1527,0.0,1268.0
sp|Q4WSI1.1|MDR4_ASPFU,XP_001244777.1,43.243,74,7.01e-07,48.1
sp|F2T1C4.1|MDR2_TRIRC,XP_001244126.2,43.233,266,8.71e-61,222.0
sp|Q4WTT9.1|MDR1_ASPFU,XP_001241670.1,43.2,125,2.88e-18,85.5
EDP51357.1,XP_001241670.1,43.2,125,2.92e-18,85.5
sp|Q4WTT9.1|MDR1_ASPFU,XP_001247009.1,43.073,1321,0.0,1025.0
EDP51357.1,XP_001247009.1,43.073,1321,0.0,1025.0
sp|J9VF33.1|MDR1_CRYNH,XP_001245124.2,42.623,244,1.41e-54,201.0
sp|F2SQT8.3|MDR5_TRIRC,XP_001242301.1,42.415,1292,0.0,997.0
sp|F2SQT8.3|MDR5_TRIRC,XP_001244126.2,42.349,281,2.38e-59,218.0
sp|F2T1C4.1|MDR2_TRIRC,XP_001247009.1,42.29,1310,0.0,983.0
sp|F2SQT8.3|MDR5_TRIRC,XP_001245124.2,42.222,315,2.05e-58,213.0
sp|Q4WTT9.1|MDR1_ASPFU,XP_001248405.2,42.213,244,1.09e-58,199.0
EDP51357.1,XP_001248405.2,42.213,244,1.09e-58,199.0
sp|F2SQT8.3|MDR5_TRIRC,XP_001246263.2,42.149,1312,0.0,1006.0
sp|Q4WSI1.1|MDR4_ASPFU,XP_001244126.2,42.06,233,7.23e-50,187.0
sp|Q4WTT9.1|MDR1_ASPFU,XP_001245124.2,41.86,258,3.5399999999999996e-61,222.0
EDP51357.1,XP_001245124.2,41.86,258,3.7e-61,222.0
sp|F2SQT8.3|MDR5_TRIRC,XP_001245124.2,41.841,239,1.15e-56,208.0
sp|F2T1C4.1|MDR2_TRIRC,XP_001248405.2,41.833,251,5.26e-52,180.0
sp|Q4WSI1.1|MDR4_ASPFU,XP_001245124.2,41.754,285,1.01e-54,202.0
sp|Q6FQN3.1|SNQ2_CANGA,XP_001246762.2,41.734,1476,0.0,1177.0
sp|F2T1C4.1|MDR2_TRIRC,XP_001241217.2,41.709,199,9.48e-44,154.0
sp|F2T1C4.1|MDR2_TRIRC,XP_001241670.1,41.667,132,2.4e-18,85.9
sp|Q6FQN3.1|SNQ2_CANGA,XP_001247647.1,41.606,1382,0.0,1123.0
sp|F2T1C4.1|MDR2_TRIRC,XP_012213632.1,41.538,260,5.1300000000000005e-59,209.0
sp|F2T1C4.1|MDR2_TRIRC,XP_001248405.2,41.393,244,2.7000000000000002e-58,198.0
sp|F2SQT8.3|MDR5_TRIRC,XP_012213632.1,41.35,237,1.45e-51,187.0
sp|F2T1C4.1|MDR2_TRIRC,XP_001247950.2,41.27,252,3.8e-55,201.0
sp|F2SQT8.3|MDR5_TRIRC,XP_001241670.1,41.176,102,8.89e-17,80.5
sp|Q4WTT9.1|MDR1_ASPFU,XP_001245124.2,41.045,268,5.96e-56,206.0
EDP51357.1,XP_001245124.2,41.045,268,6.45e-56,206.0
sp|F2SQT8.3|MDR5_TRIRC,XP_001241670.1,41.026,117,2.31e-19,89.0
sp|P9WEU4.1|AFR1_CRYD2,XP_001239472.1,40.977,1330,0.0,920.0
sp|Q4WDD4.1|ATRF_ASPFU,XP_001240143.1,40.705,1533,0.0,1130.0
sp|Q4WTT9.1|MDR1_ASPFU,XP_001241217.2,40.704,199,3.7e-43,152.0
EDP51357.1,XP_001241217.2,40.704,199,3.89e-43,152.0
sp|J9VME1.1|AFR1_CRYNH,XP_001239472.1,40.677,1330,0.0,919.0
sp|J9VME1.1|AFR1_CRYNH,XP_001240143.1,40.428,1447,0.0,1053.0
sp|P9WEU4.1|AFR1_CRYD2,XP_001240143.1,40.276,1450,0.0,1059.0
sp|Q8X0Z3|Q8X0Z3_CRYNE,XP_001240143.1,40.262,1448,0.0,1055.0
sp|Q8X0Z3|Q8X0Z3_CRYNE,XP_001247647.1,40.229,1310,0.0,967.0
sp|P9WEU4.1|AFR1_CRYD2,XP_001247647.1,40.198,1311,0.0,971.0
sp|F2SG60.3|MDR3_TRIRC,XP_001240143.1,40.189,1376,0.0,1027.0
sp|J9VME1.1|AFR1_CRYNH,XP_001247647.1,40.153,1310,0.0,969.0
sp|F2SQT8.3|MDR5_TRIRC,XP_001241217.2,40.12,167,1.66e-31,119.0
sp|J9VF33.1|MDR1_CRYNH,XP_001247009.1,40.109,1289,0.0,925.0
sp|F2T1C4.1|MDR2_TRIRC,XP_001248967.2,40.081,247,2.22e-49,186.0
sp|P9WEU3.1|AFR2_CRYD2,XP_001240143.1,39.9,1396,0.0,1006.0
sp|Q8X0Z3|Q8X0Z3_CRYNE,XP_001239472.1,39.666,1379,0.0,920.0
sp|Q6FQN3.1|SNQ2_CANGA,XP_001240143.1,39.565,1380,0.0,1034.0
sp|Q4WDD4.1|ATRF_ASPFU,XP_001242727.2,39.533,1500,0.0,1060.0
sp|F2SHL1.3|MDR1_TRIRC,XP_001240143.1,39.503,1448,0.0,1038.0
sp|F2SQT8.3|MDR5_TRIRC,XP_001248405.2,39.483,271,1.3e-51,179.0
sp|O74208.3|PDH1_CANGA,XP_001240845.1,39.357,249,1.3199999999999999e-40,158.0
sp|Q6FQN3.1|SNQ2_CANGA,XP_001239472.1,39.261,1462,0.0,1031.0
sp|J9VF33.1|MDR1_CRYNH,XP_001248405.2,39.2,250,2.6999999999999998e-48,169.0
EDP51357.1,XP_001248405.2,39.147,258,3.73e-49,171.0
sp|Q4WTT9.1|MDR1_ASPFU,XP_001248405.2,39.147,258,3.83e-49,171.0
sp|J9VPA2.1|AFR2_CRYNH,XP_001240143.1,39.052,1393,0.0,991.0
sp|J9VME1.1|AFR1_CRYNH,XP_001246762.2,39.007,1410,0.0,947.0
sp|F2T1C4.1|MDR2_TRIRC,XP_001241217.2,38.919,185,8.859999999999999e-38,137.0
sp|Q4WTT9.1|MDR1_ASPFU,XP_001241217.2,38.919,185,8.020000000000001e-35,128.0
EDP51357.1,XP_001241217.2,38.919,185,8.58e-35,128.0
sp|P9WEU4.1|AFR1_CRYD2,XP_001246762.2,38.905,1406,0.0,948.0
sp|F2SQT8.3|MDR5_TRIRC,XP_012213632.1,38.866,247,4.21e-48,177.0
sp|F2SQT8.3|MDR5_TRIRC,XP_001244126.2,38.768,276,1.85e-53,199.0
sp|Q4WSI1.1|MDR4_ASPFU,XP_001241670.1,38.596,114,3.3e-17,82.0
EDP51357.1,XP_001241580.2,38.589,241,4.2699999999999995e-42,162.0
sp|Q4WTT9.1|MDR1_ASPFU,XP_001241580.2,38.589,241,4.35e-42,162.0
sp|Q4WDD4.1|ATRF_ASPFU,XP_001246762.2,38.571,1400,0.0,976.0
CAA54692.1,XP_001240845.1,38.55,262,4.32e-39,153.0
sp|Q4WDD4.1|ATRF_ASPFU,XP_001247647.1,38.434,1405,0.0,991.0
EDP51357.1,XP_001248967.2,38.272,243,2.56e-46,176.0
sp|Q4WTT9.1|MDR1_ASPFU,XP_001248967.2,38.272,243,2.6499999999999997e-46,176.0
sp|A0A2H1A768.1|CDR1_CANAR,XP_001240845.1,38.168,262,2.39e-39,154.0
sp|P78595.2|CDR2_CANAL,XP_001240845.1,38.168,262,3.05e-38,150.0
sp|Q5ANA3.2|CDR1_CANAL,XP_001240845.1,38.168,262,3.45e-38,150.0
sp|E9RBG1.1|ABCC_ASPFU,XP_001240143.1,38.167,1517,0.0,1014.0
sp|F2SQT8.3|MDR5_TRIRC,XP_001248967.2,37.815,238,8.03e-46,174.0
sp|F2T1C4.1|MDR2_TRIRC,XP_001241580.2,37.805,246,2.02e-41,160.0
sp|Q4WDD4.1|ATRF_ASPFU,XP_001240845.1,37.778,270,7.12e-40,155.0
EDP51357.1,XP_001244126.2,37.688,398,9.019999999999999e-61,223.0
sp|Q4WTT9.1|MDR1_ASPFU,XP_001244126.2,37.688,398,9.34e-61,222.0
sp|Q6FQN3.1|SNQ2_CANGA,XP_001242727.2,37.667,1423,0.0,961.0
sp|J9VPA2.1|AFR2_CRYNH,XP_001240845.1,37.638,271,4.1699999999999996e-39,153.0
sp|F2T1C4.1|MDR2_TRIRC,XP_001246263.2,37.585,1325,0.0,826.0
sp|Q8X0Z3|Q8X0Z3_CRYNE,XP_001246762.2,37.54,1553,0.0,962.0
EDP51357.1,XP_001241580.2,37.405,262,6.86e-41,158.0
sp|Q4WTT9.1|MDR1_ASPFU,XP_001241580.2,37.405,262,7.1e-41,158.0
sp|J9VF33.1|MDR1_CRYNH,XP_001248405.2,37.398,246,5.48e-49,171.0
sp|F2SG60.3|MDR3_TRIRC,XP_001242727.2,37.345,1371,0.0,920.0
CAA54692.1,XP_001240143.1,37.341,1497,0.0,1000.0
sp|F2T1C4.1|MDR2_TRIRC,XP_001245124.2,37.309,327,2.86e-57,210.0
sp|F2T1C4.1|MDR2_TRIRC,XP_001241670.1,37.288,118,7.34e-18,84.3
sp|Q4WTT9.1|MDR1_ASPFU,XP_001241670.1,37.288,118,1.57e-17,83.2
EDP51357.1,XP_001241670.1,37.288,118,1.59e-17,83.2
sp|Q5ANA3.2|CDR1_CANAL,XP_001240143.1,37.208,1497,0.0,995.0
sp|O74208.3|PDH1_CANGA,XP_001240143.1,37.171,1407,0.0,948.0
sp|Q4WTT9.1|MDR1_ASPFU,XP_001246263.2,37.082,1316,0.0,838.0
EDP51357.1,XP_001246263.2,37.082,1316,0.0,837.0
sp|F2SG60.3|MDR3_TRIRC,XP_001240845.1,37.066,259,1.59e-38,151.0
sp|A0A2H1A768.1|CDR1_CANAR,XP_001240143.1,37.008,1524,0.0,1000.0
sp|F2SHL1.3|MDR1_TRIRC,XP_001242727.2,36.992,1476,0.0,931.0
sp|Q4WTT9.1|MDR1_ASPFU,XP_001242271.1,36.937,222,3.5700000000000003e-37,147.0
EDP51357.1,XP_001242271.1,36.937,222,4.02e-37,147.0
sp|Q4WSI1.1|MDR4_ASPFU,XP_012213632.1,36.91,233,2.02e-39,150.0
sp|F2T1C4.1|MDR2_TRIRC,XP_012213632.1,36.905,252,8.45e-46,170.0
sp|P9WEU3.1|AFR2_CRYD2,XP_001242727.2,36.904,1447,0.0,919.0
sp|P78595.2|CDR2_CANAL,XP_001240143.1,36.814,1494,0.0,993.0
sp|Q4WSI1.1|MDR4_ASPFU,XP_001248405.2,36.777,242,1.31e-51,179.0
sp|J9VF33.1|MDR1_CRYNH,XP_012213632.1,36.759,253,5.99e-43,161.0
sp|E9RBG1.1|ABCC_ASPFU,XP_001242727.2,36.755,1442,0.0,907.0
sp|Q4WDD4.1|ATRF_ASPFU,XP_001239472.1,36.66,1503,0.0,918.0
sp|Q4WSI1.1|MDR4_ASPFU,XP_001241217.2,36.471,170,8.460000000000001e-33,122.0
sp|J9VF33.1|MDR1_CRYNH,XP_012213632.1,36.466,266,4.24e-47,174.0
sp|P33302.1|PDR5_YEAST,XP_001242727.2,36.331,1390,0.0,887.0
sp|F2SQT8.3|MDR5_TRIRC,XP_001241580.2,36.327,245,1.2900000000000001e-37,147.0
sp|F2T1C4.1|MDR2_TRIRC,XP_001247659.2,36.28,1301,0.0,756.0
sp|J9VF33.1|MDR1_CRYNH,XP_001244126.2,36.211,417,3.91e-58,214.0
sp|P33302.1|PDR5_YEAST,XP_001240143.1,36.19,1517,0.0,962.0
sp|Q8X0Z3|Q8X0Z3_CRYNE,XP_001240845.1,36.187,257,7.600000000000001e-36,142.0
sp|Q6FK23.1|CDR1_CANGA,XP_001240143.1,36.185,1473,0.0,946.0
sp|A0A2H1A768.1|CDR1_CANAR,XP_001242727.2,36.173,1385,0.0,872.0
EDP51357.1,XP_001242956.1,36.132,1334,0.0,796.0
sp|Q4WTT9.1|MDR1_ASPFU,XP_001242956.1,36.132,1334,0.0,795.0
sp|F2T1C4.1|MDR2_TRIRC,XP_001242271.1,36.036,222,1.8100000000000002e-36,145.0
sp|Q4WTT9.1|MDR1_ASPFU,XP_001247659.2,36.015,1305,0.0,756.0
EDP51357.1,XP_001247659.2,36.015,1305,0.0,756.0
sp|F2T1C4.1|MDR2_TRIRC,XP_001241670.1,35.965,114,2.09e-15,76.3
sp|F2T1C4.1|MDR2_TRIRC,XP_001248653.1,35.953,509,2.26e-78,271.0
sp|J9VPA2.1|AFR2_CRYNH,XP_001242727.2,35.894,1471,0.0,920.0
EDP51357.1,XP_012213632.1,35.849,265,7.049999999999999e-46,170.0
sp|Q4WTT9.1|MDR1_ASPFU,XP_012213632.1,35.849,265,7.25e-46,170.0
sp|Q4WSI1.1|MDR4_ASPFU,XP_001244126.2,35.843,332,2.3599999999999998e-48,182.0
sp|F2SQT8.3|MDR5_TRIRC,XP_001242956.1,35.816,1329,0.0,763.0
sp|Q4WSI1.1|MDR4_ASPFU,XP_001241670.1,35.714,126,1.01e-14,73.9
sp|O74208.3|PDH1_CANGA,XP_001242727.2,35.638,1403,0.0,883.0
sp|Q6FK23.1|CDR1_CANGA,XP_001242727.2,35.628,1482,0.0,878.0
sp|P33302.1|PDR5_YEAST,XP_001240845.1,35.563,284,6.51e-42,162.0
sp|Q4WTT9.1|MDR1_ASPFU,XP_001248967.2,35.556,270,9.58e-45,171.0
EDP51357.1,XP_001248967.2,35.556,270,9.83e-45,171.0
sp|F2SQT8.3|MDR5_TRIRC,XP_001241099.2,35.526,76,1.71e-06,45.4
sp|Q6FK23.1|CDR1_CANGA,XP_001240845.1,35.473,296,8.640000000000001e-44,168.0
sp|F2SQT8.3|MDR5_TRIRC,XP_001248405.2,35.448,268,7.51e-53,182.0
sp|Q4WTT9.1|MDR1_ASPFU,XP_001248653.1,35.446,505,3.6800000000000003e-79,274.0
EDP51357.1,XP_001248653.1,35.446,505,5.43e-79,273.0
sp|F2T1C4.1|MDR2_TRIRC,XP_001241580.2,35.433,254,2.2199999999999998e-39,153.0
sp|J9VF33.1|MDR1_CRYNH,XP_001241670.1,35.398,113,9.12e-16,77.4
sp|P9WEU3.1|AFR2_CRYD2,XP_001240845.1,35.37,311,7.72e-40,155.0
sp|J9VF33.1|MDR1_CRYNH,XP_001244126.2,35.308,439,1.2999999999999999e-61,225.0
sp|J9VF33.1|MDR1_CRYNH,XP_001241217.2,35.268,224,3.5600000000000004e-33,124.0
sp|F2SQT8.3|MDR5_TRIRC,XP_001247950.2,35.2,375,8.490000000000001e-57,205.0
sp|F2SQT8.3|MDR5_TRIRC,XP_001247659.2,35.188,1330,0.0,716.0
sp|J9VF33.1|MDR1_CRYNH,XP_001246263.2,35.171,1342,0.0,757.0
sp|J9VF33.1|MDR1_CRYNH,XP_001248653.1,35.076,593,6.11e-79,273.0
sp|J9VF33.1|MDR1_CRYNH,XP_001241670.1,34.951,103,7.19e-13,68.2
sp|Q4WSI1.1|MDR4_ASPFU,XP_012213632.1,34.944,269,1.04e-39,151.0
sp|J9VF33.1|MDR1_CRYNH,XP_001241217.2,34.928,209,1.3399999999999998e-34,127.0
sp|Q4WSI1.1|MDR4_ASPFU,XP_001242301.1,34.924,1257,0.0,772.0
sp|F2SQT8.3|MDR5_TRIRC,XP_001242301.1,34.918,610,1e-97,337.0
sp|Q4WSI1.1|MDR4_ASPFU,XP_001248405.2,34.902,255,2.97e-44,157.0
sp|F2T1C4.1|MDR2_TRIRC,XP_001242956.1,34.889,1350,0.0,771.0
sp|Q4WSI1.1|MDR4_ASPFU,XP_001248967.2,34.815,270,1.21e-39,154.0
sp|F2T1C4.1|MDR2_TRIRC,XP_001248653.1,34.799,523,2.34e-82,283.0
sp|J9VF33.1|MDR1_CRYNH,XP_001242301.1,34.761,607,3.53e-98,339.0
sp|P78595.2|CDR2_CANAL,XP_001242727.2,34.724,1486,0.0,877.0
sp|F2SQT8.3|MDR5_TRIRC,XP_001241580.2,34.677,248,3.76e-36,143.0
sp|Q4WSI1.1|MDR4_ASPFU,XP_001248653.1,34.667,525,8.19e-76,264.0
sp|F2T1C4.1|MDR2_TRIRC,XP_001247009.1,34.66,603,6.34e-97,334.0
sp|Q4WTT9.1|MDR1_ASPFU,XP_001240797.2,34.524,252,6.11e-35,140.0
EDP51357.1,XP_001240797.2,34.524,252,6.270000000000001e-35,140.0
sp|Q4WSI1.1|MDR4_ASPFU,XP_001241670.1,34.483,116,6.75e-13,67.8
CAA54692.1,XP_001242727.2,34.471,1465,0.0,862.0
sp|E9RBG1.1|ABCC_ASPFU,XP_001240845.1,34.471,293,2.34e-39,154.0
sp|Q5ANA3.2|CDR1_CANAL,XP_001242727.2,34.403,1465,0.0,857.0
sp|J9VF33.1|MDR1_CRYNH,XP_001239067.2,34.286,105,1.37e-07,50.4
sp|F2SQT8.3|MDR5_TRIRC,XP_001248653.1,34.28,528,1.2900000000000002e-73,257.0
sp|F2SQT8.3|MDR5_TRIRC,XP_001241217.2,34.272,213,8.410000000000001e-32,119.0
sp|J9VF33.1|MDR1_CRYNH,XP_001248967.2,34.211,266,6.810000000000001e-43,165.0
sp|J9VF33.1|MDR1_CRYNH,XP_001247659.2,34.195,1354,0.0,699.0
sp|Q4WSI1.1|MDR4_ASPFU,XP_001247009.1,34.128,1342,0.0,708.0
sp|J9VF33.1|MDR1_CRYNH,XP_001248653.1,34.062,549,7.799999999999999e-83,285.0
sp|Q6FQN3.1|SNQ2_CANGA,XP_001240845.1,34.043,282,2.34e-38,150.0
sp|Q4WTT9.1|MDR1_ASPFU,XP_012213632.1,33.994,353,3.06e-55,198.0
EDP51357.1,XP_012213632.1,33.994,353,3.23e-55,198.0
sp|F2T1C4.1|MDR2_TRIRC,XP_001241099.2,33.784,74,3.01e-06,44.7
sp|Q4WTT9.1|MDR1_ASPFU,XP_001248653.1,33.77,610,5.13e-77,268.0
EDP51357.1,XP_001248653.1,33.77,610,7.01e-77,267.0
sp|F2T1C4.1|MDR2_TRIRC,XP_001242956.1,33.694,555,2.34e-74,266.0
sp|Q4WTT9.1|MDR1_ASPFU,XP_001247009.1,33.67,594,4.65e-90,314.0
EDP51357.1,XP_001247009.1,33.67,594,4.65e-90,314.0
sp|F2SHL1.3|MDR1_TRIRC,XP_001240845.1,33.657,309,4.02e-39,153.0
sp|F2T1C4.1|MDR2_TRIRC,XP_001240845.1,33.628,226,1.18e-19,89.7
sp|J9VF33.1|MDR1_CRYNH,XP_001241580.2,33.597,253,1.39e-35,141.0
sp|F2T1C4.1|MDR2_TRIRC,XP_001248967.2,33.591,259,3.5999999999999997e-40,156.0
sp|F2SQT8.3|MDR5_TRIRC,XP_001248967.2,33.553,304,1.86e-42,163.0
sp|Q4WSI1.1|MDR4_ASPFU,XP_001245124.2,33.494,415,3.9300000000000003e-57,209.0
sp|P9WEU4.1|AFR1_CRYD2,XP_001240845.1,33.443,305,4.9e-37,146.0
sp|J9VME1.1|AFR1_CRYNH,XP_001240845.1,33.443,305,1.8e-36,145.0
sp|F2T1C4.1|MDR2_TRIRC,XP_001244126.2,33.396,536,6.73e-62,226.0
sp|F2T1C4.1|MDR2_TRIRC,XP_001245124.2,33.333,471,1.3e-67,242.0
sp|F2T1C4.1|MDR2_TRIRC,XP_001240797.2,33.333,261,1.12e-33,135.0
sp|J9VF33.1|MDR1_CRYNH,XP_001240797.2,33.333,243,3.77e-32,130.0
sp|J9VF33.1|MDR1_CRYNH,XP_001248967.2,33.088,272,9.85e-39,151.0
sp|Q4WTT9.1|MDR1_ASPFU,XP_001240845.1,33.074,257,3.95e-19,88.2
EDP51357.1,XP_001240845.1,33.074,257,4.27e-19,88.2
sp|J9VF33.1|MDR1_CRYNH,XP_001242956.1,32.987,1346,0.0,700.0
sp|Q4WSI1.1|MDR4_ASPFU,XP_001242301.1,32.964,631,3.3399999999999997e-81,287.0
sp|J9VF33.1|MDR1_CRYNH,XP_001241580.2,32.959,267,1.4e-39,154.0
sp|Q4WSI1.1|MDR4_ASPFU,XP_001241580.2,32.8,250,8.870000000000001e-33,132.0
EDP51357.1,XP_001247659.2,32.75,571,3.12e-71,256.0
sp|Q4WTT9.1|MDR1_ASPFU,XP_001247659.2,32.75,571,3.41e-71,256.0
EDP51357.1,XP_001242014.1,32.627,236,4.07e-21,94.4
sp|Q4WTT9.1|MDR1_ASPFU,XP_001242014.1,32.627,236,4.21e-21,94.0
sp|Q4WSI1.1|MDR4_ASPFU,XP_001248967.2,32.609,276,2.16e-36,144.0
sp|Q4WDD4.1|ATRF_ASPFU,XP_001242956.1,32.53,83,1.06e-06,47.8
sp|Q4WSI1.1|MDR4_ASPFU,XP_001246263.2,32.405,1293,0.0,642.0
sp|J9VF33.1|MDR1_CRYNH,XP_001241670.1,32.258,155,3.38e-14,72.4
sp|Q6FQN3.1|SNQ2_CANGA,XP_001240845.1,32.143,252,3.24e-28,118.0
sp|F2T1C4.1|MDR2_TRIRC,XP_001247659.2,32.12,632,1.27e-71,258.0
sp|F2SQT8.3|MDR5_TRIRC,XP_001248653.1,32.075,583,1.26e-71,251.0
EDP51357.1,XP_001241670.1,31.967,244,1.13e-17,83.6
sp|Q4WSI1.1|MDR4_ASPFU,XP_001240797.2,31.955,266,8.74e-29,119.0
sp|F2SQT8.3|MDR5_TRIRC,XP_001242271.1,31.89,254,3.8199999999999997e-34,137.0
sp|Q4WTT9.1|MDR1_ASPFU,XP_001241670.1,31.837,245,1.07e-17,83.6
sp|Q4WSI1.1|MDR4_ASPFU,XP_001241217.2,31.818,198,1.1900000000000001e-26,104.0
sp|Q4WSI1.1|MDR4_ASPFU,XP_001248653.1,31.685,546,1.91e-61,221.0
sp|J9VF33.1|MDR1_CRYNH,XP_001247659.2,31.627,664,1.8600000000000003e-73,264.0
sp|Q4WDD4.1|ATRF_ASPFU,XP_001240845.1,31.599,269,6.47e-32,130.0
EDP51357.1,XP_001240132.1,31.579,247,9.379999999999999e-30,123.0
sp|Q4WTT9.1|MDR1_ASPFU,XP_001240132.1,31.579,247,1.0200000000000001e-29,123.0
EDP51357.1,XP_001242956.1,31.47,626,2.81e-80,285.0
sp|Q4WTT9.1|MDR1_ASPFU,XP_001242956.1,31.47,626,3.78e-80,285.0
CAA54692.1,XP_001248967.2,31.429,175,1.49e-08,53.9
sp|P78595.2|CDR2_CANAL,XP_001248967.2,31.429,175,1.49e-08,53.9
sp|Q5ANA3.2|CDR1_CANAL,XP_001248967.2,31.429,175,1.97e-08,53.5
sp|F2T1C4.1|MDR2_TRIRC,XP_001246263.2,31.366,644,4.4500000000000003e-64,233.0
EDP51357.1,XP_004445935.1,31.356,236,2.07e-22,99.0
sp|J9VF33.1|MDR1_CRYNH,XP_001241670.1,31.304,230,4.66e-14,72.0
sp|J9VF33.1|MDR1_CRYNH,XP_001248145.2,31.22,205,9.63e-13,67.4
sp|A0A2H1A768.1|CDR1_CANAR,XP_001248967.2,31.217,189,8.71e-10,57.8
sp|F2T1C4.1|MDR2_TRIRC,XP_001246263.2,31.167,677,8.449999999999999e-89,310.0
sp|J9VF33.1|MDR1_CRYNH,XP_001242794.1,31.148,244,6.94e-21,94.4
sp|Q4WTT9.1|MDR1_ASPFU,XP_004445935.1,31.092,238,2.07e-22,99.0
sp|F2SQT8.3|MDR5_TRIRC,XP_001240797.2,31.061,264,5.570000000000001e-31,127.0
sp|F2SQT8.3|MDR5_TRIRC,XP_001241149.2,31.055,512,5.94e-45,172.0
EDP51357.1,XP_001247950.2,31.0,500,8.72e-60,214.0
sp|Q4WTT9.1|MDR1_ASPFU,XP_001247950.2,31.0,500,1.05e-59,214.0
sp|A0A2H1A768.1|CDR1_CANAR,XP_012213632.1,30.986,213,3.94e-14,71.6
sp|J9VF33.1|MDR1_CRYNH,XP_001242956.1,30.934,653,3.63e-74,266.0
sp|Q4WSI1.1|MDR4_ASPFU,XP_001240143.1,30.876,217,4.77e-10,58.5
sp|Q4WTT9.1|MDR1_ASPFU,XP_001241099.2,30.864,81,2.52e-07,48.1
EDP51357.1,XP_001241099.2,30.864,81,2.52e-07,48.1
sp|F2SQT8.3|MDR5_TRIRC,XP_001240845.1,30.833,240,3.22e-16,78.6
sp|F2SQT8.3|MDR5_TRIRC,XP_001242794.1,30.83,253,1.7499999999999999e-25,109.0
sp|F2SQT8.3|MDR5_TRIRC,XP_001242271.1,30.769,247,2.98e-25,108.0
sp|Q4WSI1.1|MDR4_ASPFU,XP_004446235.1,30.769,104,4.19e-06,45.4
sp|Q4WSI1.1|MDR4_ASPFU,XP_004446234.1,30.769,104,4.46e-06,45.4
sp|Q4WSI1.1|MDR4_ASPFU,XP_004446236.1,30.769,104,4.99e-06,45.4
sp|F2SQT8.3|MDR5_TRIRC,XP_001241149.2,30.743,592,3.48e-76,271.0
sp|F2T1C4.1|MDR2_TRIRC,XP_001240132.1,30.734,218,5.18e-18,84.7
sp|J9VF33.1|MDR1_CRYNH,XP_001247950.2,30.712,534,3.5500000000000004e-57,207.0
CAA54692.1,XP_001241149.2,30.688,189,6.16e-10,58.5
sp|J9VF33.1|MDR1_CRYNH,XP_001242794.1,30.662,287,9.44e-22,97.1
sp|Q4WSI1.1|MDR4_ASPFU,XP_001246263.2,30.643,607,3.58e-67,243.0
sp|J9VF33.1|MDR1_CRYNH,XP_001240132.1,30.631,222,6.77e-17,81.3
sp|Q4WSI1.1|MDR4_ASPFU,XP_001240132.1,30.544,239,1.52e-26,112.0
sp|Q4WTT9.1|MDR1_ASPFU,XP_001241149.2,30.531,452,2.54e-51,193.0
EDP51357.1,XP_001241149.2,30.531,452,3.09e-51,192.0
sp|F2T1C4.1|MDR2_TRIRC,XP_001242014.1,30.508,236,5.9e-19,87.0
sp|Q4WSI1.1|MDR4_ASPFU,XP_001242794.1,30.493,223,1.94e-21,95.9
sp|E9RBG1.1|ABCC_ASPFU,XP_001242956.1,30.4,250,1.64e-13,70.1
sp|Q4WTT9.1|MDR1_ASPFU,XP_001241670.1,30.357,224,1.74e-15,76.6
EDP51357.1,XP_001241670.1,30.357,224,1.96e-15,76.3
sp|F2T1C4.1|MDR2_TRIRC,XP_001242727.2,30.319,188,2.11e-10,59.7
EDP51357.1,XP_001248145.2,30.317,221,9.69e-13,67.4
sp|Q4WTT9.1|MDR1_ASPFU,XP_001248145.2,30.317,221,9.85e-13,67.4
sp|F2SQT8.3|MDR5_TRIRC,XP_001242956.1,30.312,640,3.72e-70,253.0
sp|F2T1C4.1|MDR2_TRIRC,XP_004445935.1,30.252,238,2.57e-22,99.0
sp|Q4WTT9.1|MDR1_ASPFU,XP_001242794.1,30.172,232,3.82e-18,85.1
EDP51357.1,XP_001242794.1,30.172,232,4.05e-18,85.1
sp|Q4WSI1.1|MDR4_ASPFU,XP_001240797.2,30.159,252,1.55e-23,102.0
sp|P78595.2|CDR2_CANAL,XP_001241149.2,30.159,189,5.46e-10,58.5
sp|Q5ANA3.2|CDR1_CANAL,XP_001241149.2,30.159,189,6.31e-10,58.5
sp|J9VF33.1|MDR1_CRYNH,XP_001241149.2,30.116,601,1.93e-72,261.0
sp|Q4WSI1.1|MDR4_ASPFU,XP_001247009.1,30.087,575,4.55e-70,252.0
sp|Q4WTT9.1|MDR1_ASPFU,XP_001242794.1,30.072,276,3.0800000000000004e-27,115.0
EDP51357.1,XP_001242794.1,30.072,276,3.1900000000000004e-27,115.0
sp|F2SQT8.3|MDR5_TRIRC,XP_001240132.1,30.04,253,4.72e-17,81.6
sp|J9VF33.1|MDR1_CRYNH,XP_001241149.2,30.036,556,2.95e-55,206.0
sp|F2SQT8.3|MDR5_TRIRC,XP_004445935.1,30.0,210,3.14e-16,79.0
sp|F2SQT8.3|MDR5_TRIRC,XP_004446236.1,30.0,160,8.85e-10,57.4
sp|F2SQT8.3|MDR5_TRIRC,XP_004446235.1,30.0,160,9.35e-10,57.4
sp|F2SQT8.3|MDR5_TRIRC,XP_004446234.1,30.0,160,1e-09,57.4
sp|Q4WSI1.1|MDR4_ASPFU,XP_001240797.2,29.911,224,6.32e-17,81.3
sp|J9VF33.1|MDR1_CRYNH,XP_001248145.2,29.911,224,1.6e-14,73.2
sp|J9VF33.1|MDR1_CRYNH,XP_001242794.1,29.866,298,3.39e-27,115.0
sp|F2T1C4.1|MDR2_TRIRC,XP_001248145.2,29.864,221,3.3e-12,65.5
sp|F2T1C4.1|MDR2_TRIRC,XP_001247950.2,29.828,523,1.6000000000000002e-59,214.0
sp|J9VF33.1|MDR1_CRYNH,XP_001246263.2,29.817,654,2.51e-70,253.0
sp|F2SQT8.3|MDR5_TRIRC,XP_001240797.2,29.817,218,3.64e-20,91.7
EDP51357.1,XP_001240132.1,29.817,218,5.99e-18,84.7
sp|Q4WTT9.1|MDR1_ASPFU,XP_001240132.1,29.817,218,6.41e-18,84.3
sp|J9VF33.1|MDR1_CRYNH,XP_001242014.1,29.756,205,9.95e-19,86.7
sp|F2SQT8.3|MDR5_TRIRC,XP_001241149.2,29.754,568,4.36e-65,237.0
sp|A0A2H1A768.1|CDR1_CANAR,XP_001241149.2,29.741,232,3.37e-10,59.3
sp|O74208.3|PDH1_CANGA,XP_001247009.1,29.707,239,1.4e-08,53.9
EDP51357.1,XP_001239292.2,29.67,182,6.24e-06,44.7
sp|Q4WTT9.1|MDR1_ASPFU,XP_001239292.2,29.67,182,6.85e-06,44.7
EDP51357.1,XP_001240797.2,29.646,226,6.890000000000001e-21,94.0
sp|Q4WTT9.1|MDR1_ASPFU,XP_001240797.2,29.646,226,7.06e-21,94.0
sp|F2T1C4.1|MDR2_TRIRC,XP_001242271.1,29.63,243,2.98e-21,95.5
sp|Q4WSI1.1|MDR4_ASPFU,XP_001241149.2,29.596,544,6.2e-32,130.0
sp|Q6FQN3.1|SNQ2_CANGA,XP_001242728.2,29.592,196,1.14e-10,60.8
sp|J9VF33.1|MDR1_CRYNH,XP_001240132.1,29.583,240,1.68e-27,115.0
sp|A0A2H1A768.1|CDR1_CANAR,XP_001242956.1,29.577,213,7.68e-13,67.8
CAA54692.1,XP_012213632.1,29.577,213,7.95e-13,67.4
sp|P78595.2|CDR2_CANAL,XP_012213632.1,29.577,213,1.35e-12,66.6
sp|Q5ANA3.2|CDR1_CANAL,XP_012213632.1,29.577,213,1.47e-12,66.6
sp|F2SHL1.3|MDR1_TRIRC,XP_012213632.1,29.577,213,3.26e-09,55.8
sp|F2SQT8.3|MDR5_TRIRC,XP_001242014.1,29.493,217,5.41e-17,80.9
sp|Q4WSI1.1|MDR4_ASPFU,XP_001247009.1,29.477,631,9.330000000000001e-73,261.0
sp|J9VF33.1|MDR1_CRYNH,XP_001241149.2,29.474,570,8.940000000000001e-58,214.0
sp|F2T1C4.1|MDR2_TRIRC,XP_001240132.1,29.412,323,3.3999999999999996e-30,124.0
sp|Q4WSI1.1|MDR4_ASPFU,XP_001242271.1,29.412,255,2.39e-21,95.5
sp|P9WEU4.1|AFR1_CRYD2,XP_001247659.2,29.412,221,1.75e-11,63.5
sp|P78595.2|CDR2_CANAL,XP_001245124.2,29.353,201,2.39e-09,56.2
sp|Q5ANA3.2|CDR1_CANAL,XP_001245124.2,29.353,201,2.45e-09,56.2
CAA54692.1,XP_001245124.2,29.353,201,5.21e-09,55.1
sp|F2SHL1.3|MDR1_TRIRC,XP_001242301.1,29.348,184,5.62e-08,52.0
sp|F2SQT8.3|MDR5_TRIRC,XP_001241149.2,29.341,501,2.0199999999999998e-45,174.0
sp|Q4WSI1.1|MDR4_ASPFU,XP_001248145.2,29.341,167,1.09e-06,47.4
sp|J9VME1.1|AFR1_CRYNH,XP_001240845.1,29.317,249,1.08e-19,90.5
sp|J9VF33.1|MDR1_CRYNH,XP_001240143.1,29.258,229,1.9e-10,60.1
sp|F2T1C4.1|MDR2_TRIRC,XP_004445935.1,29.242,277,4.9400000000000004e-21,94.7
sp|F2T1C4.1|MDR2_TRIRC,XP_001241149.2,29.241,448,8.499999999999999e-48,181.0
sp|J9VF33.1|MDR1_CRYNH,XP_001239472.1,29.224,219,1.19e-11,63.9
sp|F2T1C4.1|MDR2_TRIRC,XP_001245003.2,29.148,223,1.55e-14,72.8
sp|F2T1C4.1|MDR2_TRIRC,XP_001242271.1,29.123,285,4.8700000000000005e-21,94.7
sp|Q4WTT9.1|MDR1_ASPFU,XP_001245003.2,29.048,210,4.17e-14,71.2
EDP51357.1,XP_001245003.2,29.048,210,4.39e-14,71.2
sp|Q4WTT9.1|MDR1_ASPFU,XP_001242271.1,29.046,241,2.22e-20,92.4
EDP51357.1,XP_001242271.1,29.046,241,2.26e-20,92.4
sp|Q6FQN3.1|SNQ2_CANGA,XP_001242301.1,29.046,241,1.78e-11,63.5
sp|P33302.1|PDR5_YEAST,XP_001240845.1,29.042,334,2.5500000000000002e-26,112.0
sp|F2SQT8.3|MDR5_TRIRC,XP_001240797.2,29.032,217,4.79e-17,81.6
EDP51357.1,XP_001248145.2,29.02,255,2.56e-17,82.4
sp|Q4WTT9.1|MDR1_ASPFU,XP_001248145.2,29.02,255,2.59e-17,82.4
sp|P9WEU3.1|AFR2_CRYD2,XP_001247950.2,29.004,231,7.07e-12,64.3
sp|A0A2H1A768.1|CDR1_CANAR,XP_001242200.1,29.0,200,2.34e-07,49.7
sp|F2T1C4.1|MDR2_TRIRC,XP_001248145.2,28.992,238,1.56e-12,66.6
sp|F2SQT8.3|MDR5_TRIRC,XP_001246762.2,28.986,276,4.14e-14,72.0
sp|F2T1C4.1|MDR2_TRIRC,XP_001242727.2,28.962,183,4.45e-09,55.5
sp|P9WEU4.1|AFR1_CRYD2,XP_001240845.1,28.916,249,1.04e-19,90.5
sp|Q6FQN3.1|SNQ2_CANGA,XP_001242956.1,28.916,249,5.02e-11,62.0
sp|P33302.1|PDR5_YEAST,XP_012213632.1,28.91,211,2.4e-11,62.4
sp|J9VPA2.1|AFR2_CRYNH,XP_001248967.2,28.91,211,9.75e-06,44.7
sp|F2T1C4.1|MDR2_TRIRC,XP_001240845.1,28.889,225,5.41e-14,71.2
sp|J9VME1.1|AFR1_CRYNH,XP_001245003.2,28.873,568,4.1999999999999997e-67,234.0
sp|Q6FQN3.1|SNQ2_CANGA,XP_001247009.1,28.866,194,2.78e-12,66.2
sp|Q6FK23.1|CDR1_CANGA,XP_001247950.2,28.846,208,9.62e-12,63.9
sp|P33302.1|PDR5_YEAST,XP_001247950.2,28.846,208,8.37e-11,60.8
sp|F2SHL1.3|MDR1_TRIRC,XP_001242728.2,28.846,156,1.83e-06,47.0
sp|Q4WSI1.1|MDR4_ASPFU,XP_001248145.2,28.837,215,5.22e-13,68.2
sp|J9VME1.1|AFR1_CRYNH,XP_001242956.1,28.837,215,2.66e-09,56.2
sp|J9VF33.1|MDR1_CRYNH,XP_001241149.2,28.832,548,1.92e-44,171.0
sp|Q8X0Z3|Q8X0Z3_CRYNE,XP_001247659.2,28.829,222,3.28e-11,62.8
sp|Q4WSI1.1|MDR4_ASPFU,XP_001248145.2,28.821,229,7.44e-10,57.8
sp|Q4WDD4.1|ATRF_ASPFU,XP_001242956.1,28.804,184,9.32e-07,48.1
sp|P33302.1|PDR5_YEAST,XP_001242956.1,28.78,205,1.5e-10,60.5
sp|J9VF33.1|MDR1_CRYNH,XP_001240797.2,28.774,212,1.77e-16,79.7
sp|F2T1C4.1|MDR2_TRIRC,XP_001241670.1,28.771,358,7.88e-19,87.4
sp|Q4WSI1.1|MDR4_ASPFU,XP_001242794.1,28.771,358,9.48e-18,84.0
sp|F2T1C4.1|MDR2_TRIRC,XP_001248145.2,28.767,219,8.5e-15,73.9
sp|A0A2H1A768.1|CDR1_CANAR,XP_001247659.2,28.767,292,2.61e-13,69.3
sp|P9WEU3.1|AFR2_CRYD2,XP_001247659.2,28.767,219,1.91e-11,63.5
sp|F2SHL1.3|MDR1_TRIRC,XP_001247659.2,28.767,219,2.67e-09,56.2
sp|Q4WSI1.1|MDR4_ASPFU,XP_001242271.1,28.763,299,2.33e-20,92.4
sp|Q6FK23.1|CDR1_CANGA,XP_012213632.1,28.761,226,2.22e-11,62.8
sp|F2SQT8.3|MDR5_TRIRC,XP_001240845.1,28.75,240,1.16e-16,80.1
sp|J9VF33.1|MDR1_CRYNH,XP_001242956.1,28.739,682,1.6999999999999997e-67,245.0
sp|Q5ANA3.2|CDR1_CANAL,XP_001242200.1,28.723,188,3.87e-06,45.8
sp|P78595.2|CDR2_CANAL,XP_001242200.1,28.723,188,4.54e-06,45.4
sp|J9VF33.1|MDR1_CRYNH,XP_001242727.2,28.708,209,2.21e-09,56.6
sp|P9WEU4.1|AFR1_CRYD2,XP_012213632.1,28.704,216,2.26e-09,56.2
sp|P9WEU4.1|AFR1_CRYD2,XP_001245003.2,28.697,568,3.96e-67,234.0
sp|Q4WSI1.1|MDR4_ASPFU,XP_001247950.2,28.685,631,6.15e-55,200.0
sp|Q8X0Z3|Q8X0Z3_CRYNE,XP_001242728.2,28.646,192,5.01e-08,52.4
CAA54692.1,XP_001240845.1,28.617,311,1.5500000000000001e-27,115.0
sp|Q5ANA3.2|CDR1_CANAL,XP_001240845.1,28.617,311,1.6900000000000003e-27,115.0
sp|Q4WSI1.1|MDR4_ASPFU,XP_001240845.1,28.571,224,7.36e-16,77.4
sp|Q6FK23.1|CDR1_CANGA,XP_001247659.2,28.571,217,3.15e-13,69.3
CAA54692.1,XP_001242956.1,28.571,224,5.46e-12,65.1
sp|E9RBG1.1|ABCC_ASPFU,XP_001245124.2,28.571,196,1.6e-09,57.0
sp|Q4WTT9.1|MDR1_ASPFU,XP_001247950.2,28.544,515,1.5700000000000001e-56,204.0
sp|E9RBG1.1|ABCC_ASPFU,XP_001240845.1,28.529,340,6.38e-29,120.0
sp|J9VPA2.1|AFR2_CRYNH,XP_001245003.2,28.522,582,1.5699999999999998e-52,191.0
sp|J9VF33.1|MDR1_CRYNH,XP_001240797.2,28.517,526,1.52e-36,145.0
sp|Q4WSI1.1|MDR4_ASPFU,XP_004445935.1,28.507,221,2.5e-20,92.4
sp|J9VME1.1|AFR1_CRYNH,XP_001247659.2,28.507,221,1.47e-10,60.5
sp|Q4WDD4.1|ATRF_ASPFU,XP_001242728.2,28.488,172,1.52e-10,60.5
EDP51357.1,XP_001248145.2,28.462,260,1.6e-13,70.1
sp|Q4WTT9.1|MDR1_ASPFU,XP_001248145.2,28.462,260,1.61e-13,70.1
sp|F2SQT8.3|MDR5_TRIRC,XP_001246263.2,28.458,629,3.3199999999999995e-67,243.0
sp|J9VF33.1|MDR1_CRYNH,XP_001242728.2,28.44,218,2.58e-06,46.6
sp|F2SQT8.3|MDR5_TRIRC,XP_001242727.2,28.431,204,5.82e-09,55.1
sp|F2SQT8.3|MDR5_TRIRC,XP_001242200.1,28.426,197,5.44e-07,48.1
sp|Q6FK23.1|CDR1_CANGA,XP_001248967.2,28.421,190,1.08e-07,50.8
sp|F2SQT8.3|MDR5_TRIRC,XP_001240143.1,28.417,278,3.91e-15,75.1
sp|Q8X0Z3|Q8X0Z3_CRYNE,XP_001245003.2,28.415,549,3.55e-62,219.0
sp|F2SQT8.3|MDR5_TRIRC,XP_001241670.1,28.4,250,7.9e-17,80.9
sp|Q4WTT9.1|MDR1_ASPFU,XP_001241149.2,28.376,585,8.38e-70,252.0
EDP51357.1,XP_001241149.2,28.376,585,9.150000000000001e-70,252.0
sp|Q8X0Z3|Q8X0Z3_CRYNE,XP_001242956.1,28.372,215,3.79e-08,52.8
sp|F2SQT8.3|MDR5_TRIRC,XP_001242271.1,28.369,282,1.2e-22,99.8
sp|Q4WSI1.1|MDR4_ASPFU,XP_001242794.1,28.358,268,1.49e-24,106.0
sp|F2SG60.3|MDR3_TRIRC,XP_001242728.2,28.351,194,9.31e-08,51.2
sp|E9RBG1.1|ABCC_ASPFU,XP_001245003.2,28.336,547,5.33e-54,195.0
sp|Q4WSI1.1|MDR4_ASPFU,XP_001240132.1,28.319,226,1e-13,70.5
sp|O74208.3|PDH1_CANGA,XP_012213632.1,28.302,212,3.04e-11,62.4
sp|F2SHL1.3|MDR1_TRIRC,XP_001242956.1,28.293,205,3.18e-09,56.2
EDP51357.1,XP_001242727.2,28.293,205,1.62e-08,53.5
sp|Q4WTT9.1|MDR1_ASPFU,XP_001242727.2,28.293,205,1.69e-08,53.5
sp|J9VF33.1|MDR1_CRYNH,XP_004445935.1,28.27,237,1.76e-20,92.8
sp|F2T1C4.1|MDR2_TRIRC,XP_001240797.2,28.261,230,9.08e-20,90.5
sp|Q4WTT9.1|MDR1_ASPFU,XP_001242728.2,28.261,184,1.38e-14,73.6
EDP51357.1,XP_001242728.2,28.261,184,1.5e-14,73.6
sp|F2SG60.3|MDR3_TRIRC,XP_001242956.1,28.241,216,5.02e-09,55.5
sp|J9VME1.1|AFR1_CRYNH,XP_012213632.1,28.241,216,1.04e-08,53.9
sp|J9VF33.1|MDR1_CRYNH,XP_001242794.1,28.223,287,3.44e-26,111.0
sp|Q4WTT9.1|MDR1_ASPFU,XP_001245003.2,28.194,227,7.54e-13,67.4
EDP51357.1,XP_001245003.2,28.194,227,7.81e-13,67.4
sp|P9WEU3.1|AFR2_CRYD2,XP_001240845.1,28.194,227,3.32e-10,59.3
sp|F2SQT8.3|MDR5_TRIRC,XP_001245003.2,28.175,252,5.57e-13,67.8
CAA54692.1,XP_001247659.2,28.169,213,8.28e-12,64.7
sp|P9WEU4.1|AFR1_CRYD2,XP_001242956.1,28.163,245,1.3e-09,57.4
sp|Q6FK23.1|CDR1_CANGA,XP_001244126.2,28.155,206,2.6e-12,66.2
sp|P33302.1|PDR5_YEAST,XP_001244126.2,28.155,206,1.66e-10,60.1
sp|Q5ANA3.2|CDR1_CANAL,XP_001242956.1,28.125,224,4.72e-13,68.6
sp|P9WEU4.1|AFR1_CRYD2,XP_001242728.2,28.125,192,3.69e-07,49.3
sp|J9VME1.1|AFR1_CRYNH,XP_001242728.2,28.125,192,3.73e-07,49.3
sp|Q4WSI1.1|MDR4_ASPFU,XP_001242794.1,28.115,313,8.53e-25,107.0
sp|F2SQT8.3|MDR5_TRIRC,XP_004445935.1,28.112,249,1.64e-18,86.3
sp|F2SHL1.3|MDR1_TRIRC,XP_001241217.2,28.09,178,1.12e-06,46.2
sp|F2T1C4.1|MDR2_TRIRC,XP_001245003.2,28.085,235,1.21e-10,60.1
sp|Q4WSI1.1|MDR4_ASPFU,XP_004445935.1,28.079,203,2.28e-12,66.2
sp|E9RBG1.1|ABCC_ASPFU,XP_001241149.2,28.079,203,7.92e-09,54.7
sp|Q4WTT9.1|MDR1_ASPFU,XP_001241149.2,28.063,506,2.67e-55,206.0
EDP51357.1,XP_001241149.2,28.063,506,2.88e-55,206.0
sp|F2T1C4.1|MDR2_TRIRC,XP_001242794.1,28.058,278,9.579999999999999e-23,100.0
sp|J9VF33.1|MDR1_CRYNH,XP_001240845.1,28.058,278,2.47e-13,69.3
sp|P9WEU3.1|AFR2_CRYD2,XP_001248145.2,28.049,574,6.73e-41,159.0
sp|F2SG60.3|MDR3_TRIRC,XP_001247950.2,28.049,246,6.6e-13,67.8
sp|J9VF33.1|MDR1_CRYNH,XP_004446236.1,28.042,189,7.78e-08,51.2
sp|O74208.3|PDH1_CANGA,XP_001245003.2,28.022,546,3.35e-49,181.0
sp|E9RBG1.1|ABCC_ASPFU,XP_001242728.2,28.022,182,3.1e-08,52.8
sp|J9VF33.1|MDR1_CRYNH,XP_001246762.2,28.0,200,1.53e-08,53.9
sp|Q4WTT9.1|MDR1_ASPFU,XP_001240143.1,27.957,186,1.7e-06,47.0
EDP51357.1,XP_001240143.1,27.957,186,1.71e-06,47.0
sp|F2T1C4.1|MDR2_TRIRC,XP_001240132.1,27.948,229,5.8e-14,71.6
sp|Q6FK23.1|CDR1_CANGA,XP_001245124.2,27.941,204,1.39e-10,60.5
sp|F2SQT8.3|MDR5_TRIRC,XP_001241670.1,27.935,247,1.68e-14,73.2
sp|J9VPA2.1|AFR2_CRYNH,XP_001242728.2,27.933,179,6.07e-08,52.0
sp|F2T1C4.1|MDR2_TRIRC,XP_001241149.2,27.928,555,2.6400000000000003e-59,218.0
sp|E9RBG1.1|ABCC_ASPFU,XP_001247950.2,27.928,222,1.28e-11,63.5
sp|O74208.3|PDH1_CANGA,XP_001242271.1,27.919,197,2.18e-07,50.1
sp|Q8X0Z3|Q8X0Z3_CRYNE,XP_012213632.1,27.907,215,1.09e-08,53.9
sp|O74208.3|PDH1_CANGA,XP_001244126.2,27.885,208,5.88e-10,58.5
sp|F2SQT8.3|MDR5_TRIRC,XP_001245003.2,27.876,226,2.58e-13,68.6
sp|Q4WDD4.1|ATRF_ASPFU,XP_001247009.1,27.857,140,3.22e-06,46.2
sp|J9VF33.1|MDR1_CRYNH,XP_001248145.2,27.854,219,7.8e-11,61.2
sp|J9VF33.1|MDR1_CRYNH,XP_004445935.1,27.83,212,3.21e-16,79.0
sp|F2SQT8.3|MDR5_TRIRC,XP_001246762.2,27.83,212,5.47e-09,55.1
sp|Q4WSI1.1|MDR4_ASPFU,XP_001244777.1,27.83,212,1.73e-07,50.1
sp|A0A2H1A768.1|CDR1_CANAR,XP_001245124.2,27.805,205,5.52e-08,52.0
sp|Q6FK23.1|CDR1_CANGA,XP_001248145.2,27.799,518,1.7300000000000002e-47,181.0
sp|J9VF33.1|MDR1_CRYNH,XP_001240845.1,27.799,259,1.37e-12,67.0
sp|Q4WDD4.1|ATRF_ASPFU,XP_001245003.2,27.798,554,1.55e-51,188.0
sp|F2SHL1.3|MDR1_TRIRC,XP_001245003.2,27.787,583,1.4799999999999999e-55,200.0
sp|F2SQT8.3|MDR5_TRIRC,XP_001240143.1,27.778,216,5.75e-09,55.1
sp|Q4WSI1.1|MDR4_ASPFU,XP_001247647.1,27.778,216,8.4e-09,54.7
EDP51357.1,XP_001240132.1,27.758,281,8.23e-17,80.9
sp|Q4WTT9.1|MDR1_ASPFU,XP_001240132.1,27.758,281,8.52e-17,80.9
EDP51357.1,XP_001246762.2,27.753,227,1.02e-08,54.3
sp|Q4WTT9.1|MDR1_ASPFU,XP_001246762.2,27.753,227,1.08e-08,54.3
CAA54692.1,XP_001241149.2,27.749,191,1.16e-06,47.8
sp|P78595.2|CDR2_CANAL,XP_001247659.2,27.7,213,7.53e-12,64.7
sp|Q5ANA3.2|CDR1_CANAL,XP_001247659.2,27.7,213,9.89e-12,64.3
sp|J9VF33.1|MDR1_CRYNH,XP_001245003.2,27.7,213,4.17e-09,55.1
sp|F2T1C4.1|MDR2_TRIRC,XP_001240143.1,27.692,260,8.91e-13,67.4
sp|Q4WSI1.1|MDR4_ASPFU,XP_001247659.2,27.679,672,7.41e-59,217.0
sp|P78595.2|CDR2_CANAL,XP_001242956.1,27.679,224,1.02e-12,67.4
sp|F2SQT8.3|MDR5_TRIRC,XP_001248145.2,27.679,224,7.68e-10,57.8
sp|J9VF33.1|MDR1_CRYNH,XP_001242727.2,27.675,271,8.24e-08,51.2
sp|Q6FQN3.1|SNQ2_CANGA,XP_001247659.2,27.67,206,1.39e-11,63.9
sp|P9WEU3.1|AFR2_CRYD2,XP_001245003.2,27.667,600,1.37e-51,188.0
sp|A0A2H1A768.1|CDR1_CANAR,XP_001242301.1,27.65,217,1.87e-09,57.0
sp|F2SQT8.3|MDR5_TRIRC,XP_001247647.1,27.619,210,1.99e-10,59.7
sp|Q8X0Z3|Q8X0Z3_CRYNE,XP_001247950.2,27.615,239,5.49e-08,52.0
sp|Q4WTT9.1|MDR1_ASPFU,XP_001242794.1,27.612,268,2.67e-22,99.0
EDP51357.1,XP_001242794.1,27.612,268,2.7600000000000002e-22,99.0
sp|F2T1C4.1|MDR2_TRIRC,XP_004445935.1,27.612,268,1.85e-18,86.3
EDP51357.1,XP_001240143.1,27.6,250,5.31e-11,61.6
sp|Q4WTT9.1|MDR1_ASPFU,XP_001240143.1,27.6,250,5.44e-11,61.6
sp|Q4WSI1.1|MDR4_ASPFU,XP_004445935.1,27.586,232,2.31e-17,82.4
sp|P9WEU4.1|AFR1_CRYD2,XP_001245124.2,27.586,203,9.07e-11,61.2
sp|P33302.1|PDR5_YEAST,XP_001241149.2,27.586,203,8.55e-10,57.8
sp|P33302.1|PDR5_YEAST,XP_001241149.2,27.568,185,2.97e-06,46.2
sp|P78595.2|CDR2_CANAL,XP_001240845.1,27.564,312,6.100000000000001e-27,114.0
sp|J9VME1.1|AFR1_CRYNH,XP_001242271.1,27.556,225,4.43e-09,55.8
sp|Q4WSI1.1|MDR4_ASPFU,XP_001246762.2,27.536,207,5.98e-11,61.6
sp|A0A2H1A768.1|CDR1_CANAR,XP_001247009.1,27.536,207,7.24e-11,61.6
sp|P9WEU3.1|AFR2_CRYD2,XP_001242728.2,27.528,178,1.44e-07,50.8
sp|Q4WDD4.1|ATRF_ASPFU,XP_001247659.2,27.523,218,7.2e-07,48.5
sp|F2SHL1.3|MDR1_TRIRC,XP_001242271.1,27.513,189,1.75e-06,47.0
EDP51357.1,XP_001242727.2,27.513,189,8.77e-06,44.7
sp|Q4WTT9.1|MDR1_ASPFU,XP_001242727.2,27.513,189,8.85e-06,44.7
sp|Q4WSI1.1|MDR4_ASPFU,XP_001239472.1,27.485,171,1.04e-07,50.8
sp|Q4WDD4.1|ATRF_ASPFU,XP_001242301.1,27.477,222,2.35e-07,50.1
sp|P33302.1|PDR5_YEAST,XP_001247659.2,27.468,233,9.08e-12,64.3
sp|F2T1C4.1|MDR2_TRIRC,XP_001242728.2,27.468,233,4.18e-08,52.4
sp|F2SG60.3|MDR3_TRIRC,XP_001240845.1,27.451,255,3.6999999999999997e-23,101.0
sp|F2SHL1.3|MDR1_TRIRC,XP_001245124.2,27.451,204,1.16e-09,57.4
sp|A0A2H1A768.1|CDR1_CANAR,XP_001240845.1,27.441,379,1.41e-26,112.0
sp|J9VF33.1|MDR1_CRYNH,XP_004445935.1,27.426,237,6.02e-15,74.7
sp|P9WEU3.1|AFR2_CRYD2,XP_001248405.2,27.419,186,5.9e-06,44.3
sp|Q6FK23.1|CDR1_CANGA,XP_001242956.1,27.407,270,2.25e-11,63.2
sp|O74208.3|PDH1_CANGA,XP_001247950.2,27.404,208,1.05e-09,57.4
sp|P33302.1|PDR5_YEAST,XP_001248967.2,27.404,208,9.32e-07,47.8
sp|Q4WTT9.1|MDR1_ASPFU,XP_001247647.1,27.397,219,8.64e-07,47.8
EDP51357.1,XP_001247647.1,27.397,219,8.86e-07,47.8
EDP51357.1,XP_001242014.1,27.391,230,1.05e-13,70.1
sp|Q4WTT9.1|MDR1_ASPFU,XP_001242014.1,27.391,230,1.08e-13,70.1
sp|J9VPA2.1|AFR2_CRYNH,XP_001247659.2,27.391,230,1.24e-10,60.8
sp|F2T1C4.1|MDR2_TRIRC,XP_004445935.1,27.35,234,3.63e-10,58.9
sp|P78595.2|CDR2_CANAL,XP_001247009.1,27.347,245,2.36e-11,63.2
CAA54692.1,XP_001247009.1,27.347,245,2.38e-11,63.2
sp|Q5ANA3.2|CDR1_CANAL,XP_001247009.1,27.347,245,3.09e-11,62.8
sp|P9WEU3.1|AFR2_CRYD2,XP_001248967.2,27.313,227,5.97e-06,45.4
sp|F2SHL1.3|MDR1_TRIRC,XP_001247950.2,27.311,238,1.52e-08,53.5
sp|F2T1C4.1|MDR2_TRIRC,XP_001247647.1,27.273,198,2.89e-06,46.2
sp|F2SG60.3|MDR3_TRIRC,XP_001245003.2,27.241,569,3.37e-50,184.0
sp|F2T1C4.1|MDR2_TRIRC,XP_001240797.2,27.234,235,3.14e-17,82.0
sp|Q4WDD4.1|ATRF_ASPFU,XP_001242200.1,27.23,213,8.32e-06,44.7
sp|F2SG60.3|MDR3_TRIRC,XP_001241149.2,27.225,191,1.5e-06,47.4
sp|J9VPA2.1|AFR2_CRYNH,XP_001242956.1,27.206,272,6.58e-11,61.6
sp|Q4WSI1.1|MDR4_ASPFU,XP_001241149.2,27.202,511,3.72e-45,173.0
sp|P9WEU4.1|AFR1_CRYD2,XP_001247950.2,27.197,239,5.35e-07,48.5
sp|F2SQT8.3|MDR5_TRIRC,XP_004445935.1,27.193,342,1.72e-26,112.0
sp|P33302.1|PDR5_YEAST,XP_001245003.2,27.176,563,1.0299999999999999e-48,179.0
sp|P78595.2|CDR2_CANAL,XP_001245003.2,27.176,563,4.09e-45,168.0
sp|J9VF33.1|MDR1_CRYNH,XP_004446235.1,27.174,184,7.77e-08,51.2
sp|J9VF33.1|MDR1_CRYNH,XP_004446234.1,27.174,184,8.06e-08,51.2
sp|F2T1C4.1|MDR2_TRIRC,XP_001241149.2,27.156,545,3.45e-38,150.0
sp|O74208.3|PDH1_CANGA,XP_001247659.2,27.155,232,9.28e-13,67.8
sp|Q6FQN3.1|SNQ2_CANGA,XP_001242271.1,27.149,221,5.94e-09,55.1
sp|A0A2H1A768.1|CDR1_CANAR,XP_001245003.2,27.145,571,1.38e-45,170.0
sp|A0A2H1A768.1|CDR1_CANAR,XP_001247950.2,27.143,210,3.19e-11,62.4
sp|J9VPA2.1|AFR2_CRYNH,XP_012213632.1,27.138,269,7.02e-09,54.7
sp|J9VF33.1|MDR1_CRYNH,XP_001245478.1,27.136,199,1.01e-09,57.4
sp|Q4WTT9.1|MDR1_ASPFU,XP_001241149.2,27.122,542,1.25e-38,152.0
EDP51357.1,XP_001241149.2,27.122,542,1.27e-38,152.0
sp|Q6FQN3.1|SNQ2_CANGA,XP_001248967.2,27.119,177,7.2e-06,45.1
CAA54692.1,XP_001247950.2,27.111,225,1.22e-10,60.5
sp|Q5ANA3.2|CDR1_CANAL,XP_001247950.2,27.111,225,1.33e-10,60.5
sp|Q6FK23.1|CDR1_CANGA,XP_001242301.1,27.111,225,2.1e-10,60.1
sp|Q6FK23.1|CDR1_CANGA,XP_001241149.2,27.094,203,3.17e-08,52.8
sp|F2T1C4.1|MDR2_TRIRC,XP_001240143.1,27.092,251,1.3e-12,67.0
sp|Q4WSI1.1|MDR4_ASPFU,XP_001239472.1,27.076,277,8.38e-11,61.2
sp|F2SQT8.3|MDR5_TRIRC,XP_001248145.2,27.074,229,1.06e-14,73.9
sp|J9VF33.1|MDR1_CRYNH,XP_001242728.2,27.072,181,1.94e-08,53.5
sp|Q6FK23.1|CDR1_CANGA,XP_001242728.2,27.068,266,3.29e-11,62.8
sp|Q6FQN3.1|SNQ2_CANGA,XP_012213632.1,27.064,218,8.05e-09,54.3
sp|F2SHL1.3|MDR1_TRIRC,XP_001241149.2,27.064,218,2.79e-07,49.7
sp|O74208.3|PDH1_CANGA,XP_001242794.1,27.064,218,3.74e-06,46.2
sp|F2SHL1.3|MDR1_TRIRC,XP_001248145.2,27.057,547,3.01e-44,170.0
sp|Q4WTT9.1|MDR1_ASPFU,XP_001245478.1,27.041,196,2.45e-10,59.3
EDP51357.1,XP_001245478.1,27.041,196,2.52e-10,59.3
sp|Q5ANA3.2|CDR1_CANAL,XP_001245003.2,27.032,566,9.82e-44,164.0
CAA54692.1,XP_001245003.2,27.032,566,1.2600000000000002e-43,164.0
sp|Q6FQN3.1|SNQ2_CANGA,XP_001245124.2,27.027,222,1.9e-07,50.1
sp|P9WEU4.1|AFR1_CRYD2,XP_001248967.2,27.027,222,1.99e-07,50.1
EDP51357.1,XP_001239472.1,27.016,248,6.43e-09,55.1
sp|F2T1C4.1|MDR2_TRIRC,XP_001246762.2,27.016,248,3.48e-08,52.4
sp|Q6FK23.1|CDR1_CANGA,XP_001242271.1,27.014,211,1.61e-06,47.4
sp|F2SG60.3|MDR3_TRIRC,XP_001245124.2,27.0,200,1.84e-08,53.5
sp|F2SQT8.3|MDR5_TRIRC,XP_001239472.1,26.996,263,1.38e-12,67.0
sp|F2T1C4.1|MDR2_TRIRC,XP_001245478.1,26.984,189,7.67e-11,60.8
sp|J9VPA2.1|AFR2_CRYNH,XP_001241149.2,26.977,215,2.74e-08,53.1
sp|Q8X0Z3|Q8X0Z3_CRYNE,XP_001240845.1,26.911,327,2.8500000000000002e-21,95.5
sp|Q6FQN3.1|SNQ2_CANGA,XP_001245003.2,26.909,550,3.38e-51,187.0
EDP51357.1,XP_004445935.1,26.909,275,1.56e-18,86.3
sp|Q4WTT9.1|MDR1_ASPFU,XP_004445935.1,26.909,275,1.63e-18,86.3
sp|P33302.1|PDR5_YEAST,XP_001242301.1,26.908,249,3.96e-11,62.4
sp|Q6FK23.1|CDR1_CANGA,XP_001241149.2,26.906,223,5.27e-07,48.9
sp|Q4WSI1.1|MDR4_ASPFU,XP_001241149.2,26.891,595,1.03e-61,226.0
sp|F2SHL1.3|MDR1_TRIRC,XP_001247009.1,26.882,279,2.68e-11,62.8
sp|Q6FQN3.1|SNQ2_CANGA,XP_001241149.2,26.848,257,1.95e-12,66.6
sp|F2T1C4.1|MDR2_TRIRC,XP_004446236.1,26.842,190,7.08e-09,54.7
sp|F2T1C4.1|MDR2_TRIRC,XP_004446234.1,26.842,190,9.82e-09,54.3
sp|F2T1C4.1|MDR2_TRIRC,XP_004446235.1,26.842,190,1.04e-08,53.9
sp|J9VPA2.1|AFR2_CRYNH,XP_001247950.2,26.84,231,2.74e-10,59.3
sp|Q6FK23.1|CDR1_CANGA,XP_001245003.2,26.838,585,1.1e-51,188.0
sp|Q4WSI1.1|MDR4_ASPFU,XP_001241670.1,26.829,369,4.02e-16,78.6
sp|F2SHL1.3|MDR1_TRIRC,XP_001240845.1,26.82,261,1.46e-19,89.7
sp|F2SQT8.3|MDR5_TRIRC,XP_001241670.1,26.812,138,1.55e-10,60.1
sp|E9RBG1.1|ABCC_ASPFU,XP_001247659.2,26.809,235,3.59e-11,62.4
sp|Q4WSI1.1|MDR4_ASPFU,XP_001239472.1,26.794,209,2.37e-06,46.6
sp|J9VF33.1|MDR1_CRYNH,XP_001240132.1,26.786,224,2.2e-12,66.2
sp|P33302.1|PDR5_YEAST,XP_001242271.1,26.786,224,4.14e-07,49.3
sp|J9VME1.1|AFR1_CRYNH,XP_001247950.2,26.778,239,3.59e-07,49.3
sp|Q6FK23.1|CDR1_CANGA,XP_001247009.1,26.761,213,2.23e-10,59.7
sp|J9VME1.1|AFR1_CRYNH,XP_001245124.2,26.761,213,6.26e-10,58.2
sp|Q6FQN3.1|SNQ2_CANGA,XP_001242271.1,26.744,172,1.02e-08,54.3
sp|P9WEU3.1|AFR2_CRYD2,XP_001241149.2,26.728,217,1.56e-08,53.9
sp|Q4WDD4.1|ATRF_ASPFU,XP_012213632.1,26.728,217,6.22e-08,51.6
sp|F2T1C4.1|MDR2_TRIRC,XP_001248145.2,26.724,232,6.85e-13,67.8
sp|Q4WTT9.1|MDR1_ASPFU,XP_001239472.1,26.721,247,6.32e-09,55.1
sp|E9RBG1.1|ABCC_ASPFU,XP_001248967.2,26.715,277,5.27e-06,45.4
sp|O74208.3|PDH1_CANGA,XP_001245124.2,26.699,206,1.11e-09,57.4
sp|P9WEU3.1|AFR2_CRYD2,XP_001240845.1,26.667,270,1.59e-20,93.2
sp|Q4WSI1.1|MDR4_ASPFU,XP_001245003.2,26.667,210,2.47e-10,58.9
sp|P78595.2|CDR2_CANAL,XP_001247950.2,26.667,225,3.93e-10,58.9
CAA54692.1,XP_001248405.2,26.667,225,3.32e-10,57.4
sp|E9RBG1.1|ABCC_ASPFU,XP_001248145.2,26.655,589,5.8200000000000005e-43,166.0
sp|Q4WTT9.1|MDR1_ASPFU,XP_001242794.1,26.651,439,6.89e-27,114.0
EDP51357.1,XP_001242794.1,26.651,439,7.82e-27,113.0
sp|Q6FK23.1|CDR1_CANGA,XP_001240845.1,26.647,334,8.14e-26,110.0
sp|F2SG60.3|MDR3_TRIRC,XP_001241149.2,26.636,214,3.4e-08,52.8
sp|P9WEU3.1|AFR2_CRYD2,XP_001247009.1,26.636,214,8.14e-08,51.6
sp|J9VF33.1|MDR1_CRYNH,XP_001240143.1,26.613,248,5.14e-11,62.0
sp|P9WEU4.1|AFR1_CRYD2,XP_001247009.1,26.609,233,5.79e-10,58.5
sp|Q6FQN3.1|SNQ2_CANGA,XP_001245124.2,26.601,203,3.22e-13,68.9
CAA54692.1,XP_001246263.2,26.601,203,1.9e-06,47.0
sp|Q6FK23.1|CDR1_CANGA,XP_001245003.2,26.598,579,1.77e-48,179.0
sp|Q4WSI1.1|MDR4_ASPFU,XP_001242728.2,26.577,222,9.83e-15,73.9
sp|Q6FQN3.1|SNQ2_CANGA,XP_001242271.1,26.577,222,6.51e-07,48.5
sp|J9VME1.1|AFR1_CRYNH,XP_001248967.2,26.577,222,1.48e-06,47.4
sp|Q4WSI1.1|MDR4_ASPFU,XP_001242014.1,26.562,192,1.56e-12,66.2
sp|J9VF33.1|MDR1_CRYNH,XP_001245478.1,26.562,256,1.03e-11,63.9
sp|A0A2H1A768.1|CDR1_CANAR,XP_001247009.1,26.557,305,1.05e-10,60.8
sp|P33302.1|PDR5_YEAST,XP_001247009.1,26.556,241,5.02e-07,48.9
sp|Q8X0Z3|Q8X0Z3_CRYNE,XP_001242271.1,26.549,226,1.83e-08,53.5
sp|P78595.2|CDR2_CANAL,XP_001245003.2,26.541,584,5.96e-48,177.0
sp|Q4WTT9.1|MDR1_ASPFU,XP_001240845.1,26.531,245,1.62e-11,63.2
EDP51357.1,XP_001240845.1,26.531,245,1.81e-11,63.2
sp|P78595.2|CDR2_CANAL,XP_001242301.1,26.531,245,2.11e-11,63.2
sp|Q5ANA3.2|CDR1_CANAL,XP_001242301.1,26.531,245,2.62e-11,62.8
sp|O74208.3|PDH1_CANGA,XP_001240845.1,26.524,328,1.5400000000000002e-27,115.0
sp|O74208.3|PDH1_CANGA,XP_001241149.2,26.512,215,3.39e-08,52.8
sp|P9WEU3.1|AFR2_CRYD2,XP_012213632.1,26.493,268,1.36e-08,53.5
sp|Q4WSI1.1|MDR4_ASPFU,XP_001242727.2,26.484,219,1.08e-09,57.4
sp|Q4WSI1.1|MDR4_ASPFU,XP_001241149.2,26.471,476,1.41e-46,177.0
sp|A0A2H1A768.1|CDR1_CANAR,XP_001241149.2,26.455,189,1.66e-06,47.0
sp|P9WEU4.1|AFR1_CRYD2,XP_001241149.2,26.442,208,9.56e-08,51.2
sp|Q4WSI1.1|MDR4_ASPFU,XP_001240143.1,26.442,208,5.92e-07,48.5
sp|O74208.3|PDH1_CANGA,XP_001248967.2,26.442,208,1.72e-06,47.0
sp|E9RBG1.1|ABCC_ASPFU,XP_001242271.1,26.442,208,5.59e-06,45.4
sp|F2T1C4.1|MDR2_TRIRC,XP_001241670.1,26.439,469,8.64e-22,97.1
sp|F2T1C4.1|MDR2_TRIRC,XP_001242728.2,26.432,227,4.12e-15,75.1
sp|Q6FQN3.1|SNQ2_CANGA,XP_001247009.1,26.415,212,5.91e-11,61.6
sp|J9VF33.1|MDR1_CRYNH,XP_001247647.1,26.415,212,1.44e-06,47.4
sp|A0A2H1A768.1|CDR1_CANAR,XP_001246263.2,26.396,197,1.1e-07,50.8
sp|A0A2H1A768.1|CDR1_CANAR,XP_001241580.2,26.396,197,1.3e-06,47.4
sp|E9RBG1.1|ABCC_ASPFU,XP_012213632.1,26.394,269,1.04e-07,50.8
sp|Q4WTT9.1|MDR1_ASPFU,XP_001242271.1,26.367,311,3.68e-19,88.6
EDP51357.1,XP_001242271.1,26.367,311,4.14e-19,88.2
EDP51357.1,XP_001244777.1,26.364,220,2.04e-09,56.2
sp|Q4WTT9.1|MDR1_ASPFU,XP_001244777.1,26.364,220,2.3e-09,56.2
sp|O74208.3|PDH1_CANGA,XP_001242728.2,26.364,220,9.09e-06,44.7
sp|A0A2H1A768.1|CDR1_CANAR,XP_001242301.1,26.36,239,2.63e-11,62.8
sp|J9VPA2.1|AFR2_CRYNH,XP_001240845.1,26.296,270,2.07e-20,92.8
sp|F2SQT8.3|MDR5_TRIRC,XP_001239067.2,26.293,232,3.3e-10,58.9
sp|Q6FQN3.1|SNQ2_CANGA,XP_001242728.2,26.275,255,1.09e-06,47.8
sp|P9WEU3.1|AFR2_CRYD2,XP_001242956.1,26.273,373,4.72e-12,65.5
sp|Q8X0Z3|Q8X0Z3_CRYNE,XP_001248967.2,26.244,221,3.07e-06,46.2
sp|O74208.3|PDH1_CANGA,XP_001242301.1,26.222,225,1.5e-09,57.0
sp|Q5ANA3.2|CDR1_CANAL,XP_001248405.2,26.222,225,7.4e-10,56.6
sp|P78595.2|CDR2_CANAL,XP_001248405.2,26.222,225,9.59e-10,56.2
sp|P9WEU3.1|AFR2_CRYD2,XP_001244126.2,26.214,206,3.77e-09,55.8
sp|J9VPA2.1|AFR2_CRYNH,XP_001244126.2,26.214,206,4.42e-09,55.5
sp|P33302.1|PDR5_YEAST,XP_001245124.2,26.214,206,1.34e-08,53.9
sp|F2T1C4.1|MDR2_TRIRC,XP_001242728.2,26.201,229,1.04e-09,57.4
EDP51357.1,XP_004445935.1,26.19,294,1.74e-19,89.7
sp|Q4WTT9.1|MDR1_ASPFU,XP_004445935.1,26.19,294,1.82e-19,89.4
EDP51357.1,XP_001247950.2,26.187,653,1.23e-56,205.0
sp|J9VME1.1|AFR1_CRYNH,XP_001247009.1,26.18,233,4.18e-09,55.8
sp|Q4WTT9.1|MDR1_ASPFU,XP_001242728.2,26.18,233,4.83e-07,48.9
EDP51357.1,XP_001242728.2,26.18,233,5.3e-07,48.5
sp|J9VF33.1|MDR1_CRYNH,XP_001240143.1,26.172,256,1.23e-07,50.8
sp|Q6FQN3.1|SNQ2_CANGA,XP_001247950.2,26.147,218,5.67e-08,51.6
sp|F2SG60.3|MDR3_TRIRC,XP_001248145.2,26.144,612,9.36e-40,155.0
sp|F2T1C4.1|MDR2_TRIRC,XP_001241149.2,26.131,597,3.4799999999999997e-61,224.0
sp|J9VF33.1|MDR1_CRYNH,XP_001244777.1,26.126,222,3.95e-10,58.5
sp|P78595.2|CDR2_CANAL,XP_001242301.1,26.122,245,5.81e-09,55.1
sp|Q4WDD4.1|ATRF_ASPFU,XP_001248145.2,26.117,582,5.85e-41,159.0
sp|J9VME1.1|AFR1_CRYNH,XP_001242301.1,26.108,203,1.22e-06,47.8
sp|P78595.2|CDR2_CANAL,XP_001246263.2,26.108,203,1.24e-06,47.4
sp|Q5ANA3.2|CDR1_CANAL,XP_001246263.2,26.108,203,1.61e-06,47.4
sp|F2T1C4.1|MDR2_TRIRC,XP_001242014.1,26.087,230,1.29e-11,63.5
CAA54692.1,XP_001244126.2,26.087,207,1.64e-09,57.0
sp|Q5ANA3.2|CDR1_CANAL,XP_001244126.2,26.087,207,1.68e-09,57.0
sp|P78595.2|CDR2_CANAL,XP_001244126.2,26.087,207,1.94e-09,56.6
sp|F2SQT8.3|MDR5_TRIRC,XP_001242014.1,26.087,184,3.56e-08,52.0
sp|A0A2H1A768.1|CDR1_CANAR,XP_001244126.2,26.087,184,4.9e-07,48.9
sp|P78595.2|CDR2_CANAL,XP_001241149.2,26.087,207,1.75e-06,47.0
sp|A0A2H1A768.1|CDR1_CANAR,XP_012213632.1,26.066,211,2.24e-08,52.8
sp|J9VF33.1|MDR1_CRYNH,XP_004446236.1,26.064,188,8.61e-08,51.2
sp|J9VF33.1|MDR1_CRYNH,XP_004446234.1,26.064,188,1.19e-07,50.8
sp|J9VF33.1|MDR1_CRYNH,XP_004446235.1,26.064,188,1.31e-07,50.4
sp|P9WEU3.1|AFR2_CRYD2,XP_001242271.1,26.047,215,2.68e-07,49.7
sp|F2SHL1.3|MDR1_TRIRC,XP_001242301.1,26.047,215,2.91e-07,49.7
sp|Q4WSI1.1|MDR4_ASPFU,XP_001242271.1,26.042,480,2.3800000000000003e-31,128.0
sp|F2SHL1.3|MDR1_TRIRC,XP_001244126.2,26.033,242,1.37e-07,50.8
sp|P9WEU3.1|AFR2_CRYD2,XP_012213632.1,26.027,219,5.62e-11,61.2
sp|J9VPA2.1|AFR2_CRYNH,XP_012213632.1,26.027,219,6.34e-11,61.2
sp|Q6FQN3.1|SNQ2_CANGA,XP_001245003.2,26.018,565,1.7e-44,167.0
sp|Q6FK23.1|CDR1_CANGA,XP_001242301.1,26.016,246,1.41e-08,53.9
sp|P33302.1|PDR5_YEAST,XP_001248145.2,26.011,569,8.18e-40,155.0
sp|E9RBG1.1|ABCC_ASPFU,XP_001242271.1,26.009,223,3.37e-06,46.2
sp|F2T1C4.1|MDR2_TRIRC,XP_001244777.1,26.007,273,7.89e-09,54.3
sp|J9VPA2.1|AFR2_CRYNH,XP_001248145.2,26.006,1292,9.96e-80,284.0
sp|Q4WSI1.1|MDR4_ASPFU,XP_001240845.1,26.0,250,1.15e-09,57.4
sp|F2T1C4.1|MDR2_TRIRC,XP_001239472.1,26.0,250,1.46e-08,53.5
sp|F2SG60.3|MDR3_TRIRC,XP_001242301.1,25.991,227,2.12e-07,50.1
sp|F2SG60.3|MDR3_TRIRC,XP_001246263.2,25.98,204,5.66e-06,45.4
sp|Q4WSI1.1|MDR4_ASPFU,XP_001242271.1,25.962,520,3.44e-32,130.0
sp|F2SG60.3|MDR3_TRIRC,XP_012213632.1,25.962,208,3.34e-08,52.4
sp|Q8X0Z3|Q8X0Z3_CRYNE,XP_001241149.2,25.962,208,9.82e-07,47.8
sp|Q6FQN3.1|SNQ2_CANGA,XP_012213632.1,25.957,235,2.83e-13,68.9
sp|J9VF33.1|MDR1_CRYNH,XP_001247647.1,25.949,316,1.2e-08,53.9
sp|Q4WDD4.1|ATRF_ASPFU,XP_001244126.2,25.943,212,7.87e-08,51.6
sp|J9VF33.1|MDR1_CRYNH,XP_001246762.2,25.926,324,1.88e-12,66.6
CAA54692.1,XP_012213632.1,25.926,216,1.06e-07,50.8
sp|Q5ANA3.2|CDR1_CANAL,XP_012213632.1,25.926,216,1.07e-07,50.8
sp|F2SQT8.3|MDR5_TRIRC,XP_001244777.1,25.926,189,1.09e-07,50.4
sp|O74208.3|PDH1_CANGA,XP_001246263.2,25.926,243,3.04e-06,46.2
sp|P9WEU3.1|AFR2_CRYD2,XP_001242271.1,25.926,189,3.66e-06,46.2
sp|F2SQT8.3|MDR5_TRIRC,XP_001248145.2,25.909,220,1.14e-09,57.4
sp|J9VPA2.1|AFR2_CRYNH,XP_001242271.1,25.907,193,3.69e-06,46.2
sp|Q4WSI1.1|MDR4_ASPFU,XP_001245003.2,25.893,224,5.88e-13,67.8
sp|F2T1C4.1|MDR2_TRIRC,XP_001247647.1,25.893,224,4.16e-06,45.8
sp|Q4WSI1.1|MDR4_ASPFU,XP_001242728.2,25.847,236,2.3e-11,62.8
sp|J9VF33.1|MDR1_CRYNH,XP_001248145.2,25.843,267,1.32e-11,63.9
sp|J9VPA2.1|AFR2_CRYNH,XP_001248145.2,25.833,600,3.97e-38,150.0
sp|F2SQT8.3|MDR5_TRIRC,XP_001239472.1,25.822,213,9.21e-10,57.8
sp|Q6FQN3.1|SNQ2_CANGA,XP_001247950.2,25.82,244,5.24e-12,64.7
sp|P9WEU3.1|AFR2_CRYD2,XP_001245124.2,25.82,244,1.82e-08,53.5
sp|Q4WSI1.1|MDR4_ASPFU,XP_001247950.2,25.806,620,5.03e-49,182.0
sp|Q6FQN3.1|SNQ2_CANGA,XP_001246263.2,25.806,186,2.51e-08,53.1
sp|Q6FK23.1|CDR1_CANGA,XP_001248405.2,25.806,217,1.4e-08,52.4
sp|F2SQT8.3|MDR5_TRIRC,XP_001242271.1,25.795,566,1.65e-34,138.0
CAA54692.1,XP_001242301.1,25.794,252,2.23e-11,63.2
sp|Q5ANA3.2|CDR1_CANAL,XP_001242728.2,25.778,225,2.67e-09,56.2
sp|P78595.2|CDR2_CANAL,XP_001242728.2,25.778,225,2.78e-09,56.2
CAA54692.1,XP_001242728.2,25.778,225,1e-08,54.3
sp|P9WEU3.1|AFR2_CRYD2,XP_001246263.2,25.778,225,4.89e-08,52.4
sp|Q6FK23.1|CDR1_CANGA,XP_001241217.2,25.773,194,9.99e-06,43.1
EDP51357.1,XP_004446236.1,25.758,198,1.83e-07,50.1
sp|Q4WTT9.1|MDR1_ASPFU,XP_004446236.1,25.758,198,1.98e-07,50.1
sp|Q4WTT9.1|MDR1_ASPFU,XP_004446234.1,25.758,198,2.55e-07,49.7
EDP51357.1,XP_004446234.1,25.758,198,2.59e-07,49.7
EDP51357.1,XP_004446235.1,25.758,198,3.2e-07,49.3
sp|Q4WTT9.1|MDR1_ASPFU,XP_004446235.1,25.758,198,3.31e-07,49.3
sp|F2SHL1.3|MDR1_TRIRC,XP_012213632.1,25.751,233,5.22e-09,55.1
sp|P9WEU4.1|AFR1_CRYD2,XP_001242301.1,25.751,233,2.17e-07,50.1
sp|Q6FK23.1|CDR1_CANGA,XP_001246263.2,25.751,233,1.4e-06,47.4
sp|P9WEU4.1|AFR1_CRYD2,XP_001247950.2,25.728,206,3.5e-09,55.8
sp|J9VF33.1|MDR1_CRYNH,XP_001245003.2,25.714,245,6.13e-11,61.2
sp|P33302.1|PDR5_YEAST,XP_001247009.1,25.714,245,5.42e-10,58.5
sp|Q8X0Z3|Q8X0Z3_CRYNE,XP_001245124.2,25.701,214,1.19e-09,57.4
sp|Q8X0Z3|Q8X0Z3_CRYNE,XP_001242301.1,25.701,214,1.6e-06,47.4
sp|P9WEU3.1|AFR2_CRYD2,XP_001242301.1,25.688,218,5.12e-07,48.9
sp|Q6FQN3.1|SNQ2_CANGA,XP_001246263.2,25.681,257,4.42e-08,52.4
sp|Q6FQN3.1|SNQ2_CANGA,XP_001247009.1,25.676,296,9.01e-08,51.2
sp|P78595.2|CDR2_CANAL,XP_001248145.2,25.669,635,7.369999999999999e-41,159.0
sp|O74208.3|PDH1_CANGA,XP_001245003.2,25.668,561,1.06e-41,158.0
sp|A0A2H1A768.1|CDR1_CANAR,XP_001248145.2,25.654,573,4.4799999999999997e-38,150.0
sp|Q6FQN3.1|SNQ2_CANGA,XP_001242956.1,25.654,191,7.89e-08,51.6
sp|P78595.2|CDR2_CANAL,XP_001242728.2,25.654,191,8.17e-07,48.1
sp|Q5ANA3.2|CDR1_CANAL,XP_001242728.2,25.654,191,1.24e-06,47.8
CAA54692.1,XP_001242728.2,25.654,191,4.42e-06,45.8
EDP51357.1,XP_001248145.2,25.633,316,1.01e-14,73.9
sp|Q4WTT9.1|MDR1_ASPFU,XP_001248145.2,25.633,316,1.04e-14,73.9
sp|F2SG60.3|MDR3_TRIRC,XP_001247009.1,25.632,277,1.43e-09,57.4
sp|Q4WSI1.1|MDR4_ASPFU,XP_001242014.1,25.63,238,2.73e-11,62.4
sp|P33302.1|PDR5_YEAST,XP_001242301.1,25.62,242,3.01e-09,56.2
sp|Q4WTT9.1|MDR1_ASPFU,XP_001242728.2,25.6,250,3.41e-09,55.8
EDP51357.1,XP_001242728.2,25.6,250,3.84e-09,55.8
sp|P9WEU3.1|AFR2_CRYD2,XP_001248653.1,25.581,215,1.17e-07,50.8
sp|P9WEU3.1|AFR2_CRYD2,XP_001242301.1,25.581,215,6.06e-07,48.5
sp|J9VPA2.1|AFR2_CRYNH,XP_001242271.1,25.581,215,1.83e-06,47.0
EDP51357.1,XP_001240797.2,25.532,235,4.3e-15,75.1
sp|Q4WTT9.1|MDR1_ASPFU,XP_001240797.2,25.532,235,4.45e-15,75.1
sp|Q6FQN3.1|SNQ2_CANGA,XP_001248145.2,25.53,1273,1.14e-87,308.0
sp|P33302.1|PDR5_YEAST,XP_001246263.2,25.51,196,2.99e-07,49.7
sp|F2SG60.3|MDR3_TRIRC,XP_001248145.2,25.509,1278,3.33e-79,282.0
sp|J9VME1.1|AFR1_CRYNH,XP_001241149.2,25.481,208,4.12e-07,49.3
sp|J9VME1.1|AFR1_CRYNH,XP_001248145.2,25.472,1272,1.11e-84,299.0
sp|J9VF33.1|MDR1_CRYNH,XP_001239472.1,25.472,212,9.98e-09,54.3
sp|Q4WSI1.1|MDR4_ASPFU,XP_001242728.2,25.463,216,2.69e-10,59.3
sp|O74208.3|PDH1_CANGA,XP_001242728.2,25.461,271,1.76e-08,53.5
sp|O74208.3|PDH1_CANGA,XP_001248145.2,25.446,672,8.26e-45,172.0
sp|O74208.3|PDH1_CANGA,XP_001247009.1,25.442,283,1.22e-10,60.8
sp|J9VF33.1|MDR1_CRYNH,XP_001242728.2,25.439,228,2.3e-09,56.6
sp|J9VPA2.1|AFR2_CRYNH,XP_001240845.1,25.431,232,3.31e-09,55.8
sp|O74208.3|PDH1_CANGA,XP_001242301.1,25.424,236,1.85e-07,50.4
sp|Q6FQN3.1|SNQ2_CANGA,XP_001242301.1,25.41,244,2.05e-10,60.1
CAA54692.1,XP_001245003.2,25.383,587,5.43e-44,165.0
sp|Q5ANA3.2|CDR1_CANAL,XP_001245003.2,25.383,587,5.53e-44,165.0
sp|Q8X0Z3|Q8X0Z3_CRYNE,XP_001240845.1,25.368,272,1.26e-16,80.1
sp|J9VF33.1|MDR1_CRYNH,XP_001240797.2,25.357,280,2.76e-15,75.9
CAA54692.1,XP_001247009.1,25.352,213,4.53e-08,52.4
sp|P78595.2|CDR2_CANAL,XP_001247009.1,25.352,213,5.4e-08,52.0
sp|Q5ANA3.2|CDR1_CANAL,XP_001247009.1,25.352,213,6.03e-08,52.0
sp|E9RBG1.1|ABCC_ASPFU,XP_001247009.1,25.352,213,4.34e-07,48.9
sp|F2SG60.3|MDR3_TRIRC,XP_001248653.1,25.346,217,9.41e-10,57.8
sp|Q4WTT9.1|MDR1_ASPFU,XP_001240143.1,25.346,217,4.36e-08,52.4
sp|F2SQT8.3|MDR5_TRIRC,XP_001241670.1,25.341,367,8.86e-16,77.4
sp|F2SQT8.3|MDR5_TRIRC,XP_001242728.2,25.328,229,1.65e-12,66.6
sp|F2T1C4.1|MDR2_TRIRC,XP_001242727.2,25.328,229,5.39e-06,45.4
sp|J9VME1.1|AFR1_CRYNH,XP_001242728.2,25.328,229,5.67e-06,45.4
EDP51357.1,XP_001246762.2,25.325,308,4.82e-10,58.5
sp|Q4WTT9.1|MDR1_ASPFU,XP_001246762.2,25.325,308,4.9e-10,58.5
sp|Q8X0Z3|Q8X0Z3_CRYNE,XP_001247009.1,25.322,233,3.25e-08,52.8
sp|A0A2H1A768.1|CDR1_CANAR,XP_001245003.2,25.316,632,7.32e-44,165.0
sp|P9WEU3.1|AFR2_CRYD2,XP_001248145.2,25.292,1285,1.16e-77,277.0
sp|Q6FQN3.1|SNQ2_CANGA,XP_001241149.2,25.275,182,2.74e-07,49.7
sp|Q8X0Z3|Q8X0Z3_CRYNE,XP_001248145.2,25.257,1267,4.77e-85,300.0
sp|J9VME1.1|AFR1_CRYNH,XP_001247950.2,25.243,206,1.8e-08,53.5
sp|J9VPA2.1|AFR2_CRYNH,XP_001242301.1,25.243,206,7.61e-07,48.1
sp|Q6FQN3.1|SNQ2_CANGA,XP_001244126.2,25.238,210,4.02e-11,62.4
sp|F2SHL1.3|MDR1_TRIRC,XP_001246263.2,25.238,210,1.05e-08,54.3
sp|J9VF33.1|MDR1_CRYNH,XP_001244777.1,25.229,218,5.95e-08,51.6
sp|P78595.2|CDR2_CANAL,XP_001248145.2,25.215,1281,1.67e-88,311.0
sp|Q4WSI1.1|MDR4_ASPFU,XP_004445935.1,25.214,234,1.71e-12,66.6
sp|Q6FQN3.1|SNQ2_CANGA,XP_001248145.2,25.198,631,1.9000000000000002e-43,167.0
sp|P9WEU4.1|AFR1_CRYD2,XP_001248145.2,25.196,1274,3.44e-85,301.0
sp|J9VPA2.1|AFR2_CRYNH,XP_001245124.2,25.194,258,2.77e-09,56.2
CAA54692.1,XP_001248653.1,25.188,266,4.03e-11,62.0
sp|P78595.2|CDR2_CANAL,XP_001248653.1,25.188,266,4.19e-11,62.0
sp|Q5ANA3.2|CDR1_CANAL,XP_001248653.1,25.188,266,4.94e-11,61.6
sp|J9VF33.1|MDR1_CRYNH,XP_001242271.1,25.187,536,1.18e-33,135.0
sp|Q6FK23.1|CDR1_CANGA,XP_001247009.1,25.157,318,2.92e-10,59.3
CAA54692.1,XP_001244126.2,25.14,179,1.4e-07,50.4
sp|Q5ANA3.2|CDR1_CANAL,XP_001244126.2,25.14,179,1.55e-07,50.4
sp|P78595.2|CDR2_CANAL,XP_001244126.2,25.14,179,1.87e-07,50.1
sp|Q4WTT9.1|MDR1_ASPFU,XP_001247647.1,25.126,199,7.56e-06,44.7
EDP51357.1,XP_001247647.1,25.126,199,8.36e-06,44.7
sp|J9VF33.1|MDR1_CRYNH,XP_001242200.1,25.123,203,2.54e-08,52.8
sp|E9RBG1.1|ABCC_ASPFU,XP_001244126.2,25.121,207,1.74e-08,53.5
sp|Q8X0Z3|Q8X0Z3_CRYNE,XP_001247950.2,25.121,207,1.82e-08,53.5
sp|Q4WDD4.1|ATRF_ASPFU,XP_012213632.1,25.112,223,3.2e-08,52.4
sp|Q8X0Z3|Q8X0Z3_CRYNE,XP_001242728.2,25.11,227,1.55e-06,47.4
sp|E9RBG1.1|ABCC_ASPFU,XP_001247009.1,25.101,247,2.09e-09,56.6
sp|P78595.2|CDR2_CANAL,XP_001248145.2,25.085,586,1.0699999999999999e-41,162.0
sp|P33302.1|PDR5_YEAST,XP_001245003.2,25.084,594,8.13e-46,171.0
sp|A0A2H1A768.1|CDR1_CANAR,XP_001248145.2,25.077,1304,1.54e-81,289.0
sp|P33302.1|PDR5_YEAST,XP_001248145.2,25.019,1291,2.3099999999999998e-84,298.0
sp|J9VPA2.1|AFR2_CRYNH,XP_001240845.1,25.0,204,5.33e-11,62.0
sp|J9VF33.1|MDR1_CRYNH,XP_001242014.1,25.0,212,1.47e-10,60.1
sp|Q6FQN3.1|SNQ2_CANGA,XP_001248653.1,25.0,244,1.61e-10,60.1
sp|F2SQT8.3|MDR5_TRIRC,XP_001248145.2,25.0,232,7.43e-10,57.8
sp|Q4WSI1.1|MDR4_ASPFU,XP_001245478.1,25.0,236,3.01e-09,55.8
sp|P78595.2|CDR2_CANAL,XP_012213632.1,25.0,212,3.66e-08,52.4
sp|Q4WSI1.1|MDR4_ASPFU,XP_001242727.2,25.0,236,3.62e-06,45.8
sp|O74208.3|PDH1_CANGA,XP_001242956.1,24.923,325,4.18e-11,62.4
sp|Q4WTT9.1|MDR1_ASPFU,XP_001245478.1,24.898,245,6.52e-10,57.8
EDP51357.1,XP_001245478.1,24.898,245,6.75e-10,57.8
sp|Q6FQN3.1|SNQ2_CANGA,XP_001244126.2,24.895,237,1.5e-11,63.5
sp|F2T1C4.1|MDR2_TRIRC,XP_001240143.1,24.893,233,6.85e-06,45.1
sp|Q6FK23.1|CDR1_CANGA,XP_001242271.1,24.891,229,6.15e-08,52.0
sp|F2SG60.3|MDR3_TRIRC,XP_001247950.2,24.889,225,2.54e-08,52.8
sp|Q4WSI1.1|MDR4_ASPFU,XP_001240132.1,24.887,221,1.8e-11,63.2
sp|E9RBG1.1|ABCC_ASPFU,XP_012213632.1,24.887,221,1.7e-07,50.1
sp|F2SG60.3|MDR3_TRIRC,XP_001248405.2,24.887,221,1.02e-06,46.6
sp|F2SQT8.3|MDR5_TRIRC,XP_001242728.2,24.887,221,2.84e-06,46.2
sp|E9RBG1.1|ABCC_ASPFU,XP_001240845.1,24.885,217,3.21e-07,49.3
sp|P33302.1|PDR5_YEAST,XP_001240132.1,24.885,217,8.16e-06,45.1
sp|J9VPA2.1|AFR2_CRYNH,XP_001247009.1,24.883,213,4.22e-07,49.3
sp|J9VPA2.1|AFR2_CRYNH,XP_001245003.2,24.88,627,4.27e-39,150.0
sp|Q5ANA3.2|CDR1_CANAL,XP_001242301.1,24.812,266,5.72e-09,55.1
sp|Q6FQN3.1|SNQ2_CANGA,XP_001241580.2,24.797,246,1.29e-06,47.4
sp|Q8X0Z3|Q8X0Z3_CRYNE,XP_001248405.2,24.793,242,1.44e-07,49.3
sp|Q4WDD4.1|ATRF_ASPFU,XP_001247950.2,24.783,230,1.73e-06,47.0
EDP51357.1,XP_001240143.1,24.779,226,4.29e-08,52.4
sp|F2SQT8.3|MDR5_TRIRC,XP_001242727.2,24.771,218,4.82e-06,45.4
sp|F2SG60.3|MDR3_TRIRC,XP_001244126.2,24.757,206,1.03e-06,47.8
sp|F2SG60.3|MDR3_TRIRC,XP_001245003.2,24.742,582,4.5399999999999996e-42,159.0
sp|F2SHL1.3|MDR1_TRIRC,XP_001248145.2,24.723,1262,7.440000000000001e-88,309.0
sp|J9VF33.1|MDR1_CRYNH,XP_001242728.2,24.664,223,1.76e-12,66.6
sp|J9VPA2.1|AFR2_CRYNH,XP_001248653.1,24.651,215,4.25e-07,48.9
sp|F2SG60.3|MDR3_TRIRC,XP_001247659.2,24.627,268,1.17e-09,57.4
sp|Q4WTT9.1|MDR1_ASPFU,XP_001240143.1,24.59,183,3.09e-06,46.2
EDP51357.1,XP_001240143.1,24.59,183,3.12e-06,46.2
sp|P9WEU4.1|AFR1_CRYD2,XP_001242301.1,24.567,289,6.1e-09,55.1
sp|Q8X0Z3|Q8X0Z3_CRYNE,XP_001242301.1,24.567,289,5.17e-08,52.0
sp|F2SQT8.3|MDR5_TRIRC,XP_001244777.1,24.555,281,1.07e-11,63.5
sp|F2T1C4.1|MDR2_TRIRC,XP_001240797.2,24.544,603,2.11e-32,131.0
sp|P9WEU3.1|AFR2_CRYD2,XP_001240845.1,24.51,204,3.34e-10,59.3
sp|E9RBG1.1|ABCC_ASPFU,XP_001248145.2,24.488,1270,5.599999999999999e-82,291.0
sp|E9RBG1.1|ABCC_ASPFU,XP_001248405.2,24.479,192,8.27e-06,43.9
sp|P9WEU4.1|AFR1_CRYD2,XP_001248405.2,24.473,237,3.83e-08,51.2
CAA54692.1,XP_001242301.1,24.436,266,1.35e-08,53.9
CAA54692.1,XP_001248145.2,24.429,1314,1.53e-87,308.0
sp|F2SQT8.3|MDR5_TRIRC,XP_001247647.1,24.424,217,9.65e-07,47.8
sp|Q6FK23.1|CDR1_CANGA,XP_001248145.2,24.413,1278,6.95e-84,296.0
sp|A0A2H1A768.1|CDR1_CANAR,XP_001244126.2,24.39,205,1.22e-07,50.8
sp|F2SG60.3|MDR3_TRIRC,XP_001242271.1,24.375,320,3.82e-10,59.3
sp|Q5ANA3.2|CDR1_CANAL,XP_001248145.2,24.353,1314,1.38e-86,305.0
sp|Q4WDD4.1|ATRF_ASPFU,XP_001247009.1,24.336,226,7.79e-07,48.1
sp|E9RBG1.1|ABCC_ASPFU,XP_001248653.1,24.324,222,8.23e-09,54.7
sp|J9VPA2.1|AFR2_CRYNH,XP_001247009.1,24.324,222,1.1e-07,51.2
sp|P9WEU3.1|AFR2_CRYD2,XP_001247009.1,24.324,222,2.91e-07,49.7
sp|F2SG60.3|MDR3_TRIRC,XP_001240845.1,24.315,292,3.83e-08,52.4
sp|J9VF33.1|MDR1_CRYNH,XP_001241670.1,24.293,601,9.35e-33,133.0
sp|F2SQT8.3|MDR5_TRIRC,XP_001242794.1,24.288,527,4.54e-25,107.0
sp|J9VME1.1|AFR1_CRYNH,XP_001240845.1,24.265,272,4.68e-16,78.6
sp|Q4WSI1.1|MDR4_ASPFU,XP_001241580.2,24.26,507,4.5800000000000004e-32,130.0
sp|J9VME1.1|AFR1_CRYNH,XP_001246263.2,24.242,231,5.05e-06,45.4
sp|Q4WSI1.1|MDR4_ASPFU,XP_001247647.1,24.229,227,9.73e-07,47.8
sp|J9VME1.1|AFR1_CRYNH,XP_001242301.1,24.221,289,8.29e-08,51.6
sp|Q4WDD4.1|ATRF_ASPFU,XP_001244126.2,24.186,215,2.83e-10,59.7
sp|F2T1C4.1|MDR2_TRIRC,XP_001242271.1,24.138,580,3.74e-31,127.0
sp|P33302.1|PDR5_YEAST,XP_001242271.1,24.138,261,9.46e-07,48.1
sp|P9WEU3.1|AFR2_CRYD2,XP_001248145.2,24.132,576,3.24e-31,128.0
sp|P33302.1|PDR5_YEAST,XP_001242728.2,24.128,344,3.81e-11,62.4
sp|O74208.3|PDH1_CANGA,XP_001248405.2,24.123,228,4.86e-06,44.7
sp|Q8X0Z3|Q8X0Z3_CRYNE,XP_001247009.1,24.123,228,9.45e-06,44.7
sp|F2T1C4.1|MDR2_TRIRC,XP_001239472.1,24.111,253,3.28e-08,52.4
sp|A0A2H1A768.1|CDR1_CANAR,XP_001248405.2,24.082,245,1.52e-07,49.3
sp|A0A2H1A768.1|CDR1_CANAR,XP_001248653.1,24.074,216,4.09e-08,52.4
CAA54692.1,XP_001242271.1,24.074,216,9.15e-07,48.1
sp|Q5ANA3.2|CDR1_CANAL,XP_001242271.1,24.074,216,1.3e-06,47.4
sp|P78595.2|CDR2_CANAL,XP_001242271.1,24.074,216,3.86e-06,45.8
sp|Q4WSI1.1|MDR4_ASPFU,XP_001240797.2,24.066,241,1.4e-11,63.5
sp|J9VME1.1|AFR1_CRYNH,XP_001248405.2,24.051,237,1.23e-07,49.7
CAA54692.1,XP_001239292.2,24.017,229,2.4e-07,49.7
sp|Q5ANA3.2|CDR1_CANAL,XP_001239292.2,24.017,229,2.66e-07,49.3
sp|P78595.2|CDR2_CANAL,XP_001239292.2,24.017,229,2.87e-07,49.3
sp|F2T1C4.1|MDR2_TRIRC,XP_001242794.1,24.0,975,9.1e-47,178.0
sp|Q4WSI1.1|MDR4_ASPFU,XP_001241670.1,23.981,417,1.41e-11,63.5
sp|Q4WTT9.1|MDR1_ASPFU,XP_001242728.2,23.967,242,6.88e-13,67.8
EDP51357.1,XP_001242728.2,23.967,242,7.62e-13,67.8
sp|J9VPA2.1|AFR2_CRYNH,XP_001248145.2,23.951,572,7.999999999999999e-30,123.0
sp|Q6FK23.1|CDR1_CANGA,XP_001242727.2,23.939,660,1.3200000000000001e-33,135.0
sp|E9RBG1.1|ABCC_ASPFU,XP_001242727.2,23.883,649,1.86e-36,145.0
sp|F2SQT8.3|MDR5_TRIRC,XP_001245478.1,23.881,201,1.44e-06,47.0
sp|Q4WSI1.1|MDR4_ASPFU,XP_001240143.1,23.874,222,9.96e-09,54.3
sp|J9VPA2.1|AFR2_CRYNH,XP_001246263.2,23.874,222,1.34e-06,47.4
sp|P9WEU4.1|AFR1_CRYD2,XP_001246263.2,23.874,222,9.26e-06,44.7
sp|F2T1C4.1|MDR2_TRIRC,XP_001240132.1,23.86,570,6.490000000000001e-21,94.4
sp|Q6FQN3.1|SNQ2_CANGA,XP_001248405.2,23.828,256,3.84e-07,48.1
sp|P9WEU3.1|AFR2_CRYD2,XP_001245003.2,23.825,617,4.43e-39,150.0
sp|Q4WTT9.1|MDR1_ASPFU,XP_001242271.1,23.81,546,6.020000000000001e-32,130.0
EDP51357.1,XP_001242271.1,23.81,546,6.96e-32,130.0
sp|Q4WSI1.1|MDR4_ASPFU,XP_001246762.2,23.81,357,3.72e-08,52.4
sp|F2SQT8.3|MDR5_TRIRC,XP_001242794.1,23.767,1014,3.98e-51,192.0
sp|O74208.3|PDH1_CANGA,XP_001240845.1,23.744,219,1.79e-11,63.5
sp|P33302.1|PDR5_YEAST,XP_001248405.2,23.744,219,3.28e-06,45.1
sp|F2SQT8.3|MDR5_TRIRC,XP_001240132.1,23.708,561,2.71e-22,98.6
sp|P33302.1|PDR5_YEAST,XP_001242728.2,23.707,232,5.88e-07,48.5
sp|Q4WTT9.1|MDR1_ASPFU,XP_001239472.1,23.707,232,1.59e-06,47.0
EDP51357.1,XP_001239472.1,23.707,232,1.63e-06,47.0
sp|P9WEU4.1|AFR1_CRYD2,XP_001245003.2,23.698,557,2.1199999999999998e-42,160.0
sp|Q4WDD4.1|ATRF_ASPFU,XP_001245003.2,23.689,591,1.45e-46,173.0
sp|F2T1C4.1|MDR2_TRIRC,XP_001245478.1,23.676,321,8.71e-09,54.3
sp|Q8X0Z3|Q8X0Z3_CRYNE,XP_001244126.2,23.671,207,4.36e-09,55.5
sp|E9RBG1.1|ABCC_ASPFU,XP_001245003.2,23.643,571,2.95e-40,154.0
sp|J9VF33.1|MDR1_CRYNH,XP_001240132.1,23.64,533,1.12e-26,113.0
sp|F2SQT8.3|MDR5_TRIRC,XP_001240132.1,23.597,873,1.9799999999999997e-48,183.0
sp|Q4WSI1.1|MDR4_ASPFU,XP_001245478.1,23.592,373,4.56e-08,52.0
sp|P9WEU4.1|AFR1_CRYD2,XP_001247009.1,23.585,212,1.39e-06,47.4
sp|E9RBG1.1|ABCC_ASPFU,XP_001246762.2,23.555,692,3.1200000000000003e-27,115.0
sp|Q4WSI1.1|MDR4_ASPFU,XP_001244777.1,23.529,221,3.89e-09,55.5
EDP51357.1,XP_001244777.1,23.529,289,2.34e-06,46.2
sp|Q4WTT9.1|MDR1_ASPFU,XP_001244777.1,23.529,289,2.62e-06,46.2
sp|Q8X0Z3|Q8X0Z3_CRYNE,XP_001245003.2,23.519,557,2.97e-42,160.0
sp|P33302.1|PDR5_YEAST,XP_001248653.1,23.507,268,1.93e-09,56.6
sp|Q4WDD4.1|ATRF_ASPFU,XP_001248145.2,23.501,1234,6.4899999999999996e-68,246.0
sp|Q6FQN3.1|SNQ2_CANGA,XP_001246263.2,23.474,213,1.37e-07,50.8
sp|F2SHL1.3|MDR1_TRIRC,XP_001245003.2,23.463,618,1.27e-43,164.0
sp|F2SQT8.3|MDR5_TRIRC,XP_001242200.1,23.457,243,9.97e-07,47.4
sp|Q6FK23.1|CDR1_CANGA,XP_001248653.1,23.42,269,1.32e-09,57.0
EDP51357.1,XP_001240797.2,23.412,551,2.4500000000000002e-32,131.0
sp|Q4WTT9.1|MDR1_ASPFU,XP_001240797.2,23.412,551,2.5600000000000004e-32,131.0
sp|J9VPA2.1|AFR2_CRYNH,XP_001242301.1,23.364,214,4.83e-06,45.8
sp|F2SHL1.3|MDR1_TRIRC,XP_001248653.1,23.358,274,4.69e-08,52.0
sp|A0A2H1A768.1|CDR1_CANAR,XP_001242271.1,23.315,356,3.96e-08,52.4
sp|F2T1C4.1|MDR2_TRIRC,XP_001246762.2,23.284,335,4.15e-08,52.4
sp|F2SQT8.3|MDR5_TRIRC,XP_001242728.2,23.246,228,2.17e-07,49.7
EDP51357.1,XP_001240132.1,23.224,577,7.79e-24,103.0
sp|Q4WTT9.1|MDR1_ASPFU,XP_001240132.1,23.224,577,9e-24,103.0
sp|F2T1C4.1|MDR2_TRIRC,XP_001244777.1,23.182,220,7.97e-08,51.2
sp|Q6FQN3.1|SNQ2_CANGA,XP_001247659.2,23.171,246,2.58e-07,49.7
sp|A0A2H1A768.1|CDR1_CANAR,XP_001242728.2,23.162,272,6.82e-06,45.1
sp|Q4WDD4.1|ATRF_ASPFU,XP_001241149.2,23.144,229,4.24e-06,45.8
sp|A0A2H1A768.1|CDR1_CANAR,XP_001240797.2,23.132,281,8.32e-06,45.1
sp|Q6FK23.1|CDR1_CANGA,XP_001248145.2,23.124,493,2.13e-25,108.0
sp|J9VME1.1|AFR1_CRYNH,XP_001247009.1,23.113,212,6.2e-06,45.4
sp|Q4WTT9.1|MDR1_ASPFU,XP_001241670.1,23.077,442,1.25e-12,67.0
EDP51357.1,XP_001241670.1,23.077,442,1.42e-12,67.0
sp|P9WEU4.1|AFR1_CRYD2,XP_001244126.2,23.077,208,2.33e-09,56.6
sp|J9VME1.1|AFR1_CRYNH,XP_001244126.2,23.077,208,1.02e-08,54.3
sp|F2SG60.3|MDR3_TRIRC,XP_001247647.1,23.065,672,2.02e-20,92.8
sp|J9VME1.1|AFR1_CRYNH,XP_001245003.2,23.063,555,9.849999999999999e-42,158.0
sp|F2SQT8.3|MDR5_TRIRC,XP_001240797.2,23.038,599,6.87e-26,110.0
sp|F2T1C4.1|MDR2_TRIRC,XP_001242728.2,22.997,287,9.59e-15,73.9
sp|F2SHL1.3|MDR1_TRIRC,XP_001247009.1,22.995,374,3.37e-06,46.2
sp|Q6FQN3.1|SNQ2_CANGA,XP_001248967.2,22.979,235,7.08e-06,45.1
sp|O74208.3|PDH1_CANGA,XP_001240845.1,22.951,183,9.59e-06,44.7
sp|O74208.3|PDH1_CANGA,XP_001248653.1,22.772,303,1.53e-09,57.0
sp|P33302.1|PDR5_YEAST,XP_001240845.1,22.727,220,7.45e-08,51.6
sp|F2T1C4.1|MDR2_TRIRC,XP_001241670.1,22.573,412,1.46e-12,67.0
sp|E9RBG1.1|ABCC_ASPFU,XP_001247950.2,22.511,231,4.99e-06,45.4
sp|Q4WDD4.1|ATRF_ASPFU,XP_001240845.1,22.507,351,8.01e-09,54.7
sp|Q4WDD4.1|ATRF_ASPFU,XP_001240845.1,22.5,160,7.92e-06,45.1
sp|Q6FK23.1|CDR1_CANGA,XP_001242727.2,22.44,664,2.46e-17,82.8
sp|E9RBG1.1|ABCC_ASPFU,XP_001248145.2,22.411,589,9.01e-30,123.0
sp|O74208.3|PDH1_CANGA,XP_001248145.2,22.41,1303,6.590000000000001e-79,281.0
sp|P78595.2|CDR2_CANAL,XP_001240845.1,22.358,246,6.01e-07,48.5
sp|E9RBG1.1|ABCC_ASPFU,XP_001240845.1,22.326,215,1.09e-08,54.3
sp|Q6FK23.1|CDR1_CANGA,XP_001242728.2,22.321,224,2.42e-06,46.6
sp|Q4WDD4.1|ATRF_ASPFU,XP_001242727.2,22.291,646,6.810000000000001e-35,140.0
sp|E9RBG1.1|ABCC_ASPFU,XP_001239472.1,22.239,679,2.24e-18,86.3
sp|Q6FQN3.1|SNQ2_CANGA,XP_001241670.1,22.222,270,4.9e-06,45.8
sp|J9VF33.1|MDR1_CRYNH,XP_004445935.1,22.18,532,1.92e-17,82.8
sp|Q4WSI1.1|MDR4_ASPFU,XP_001241670.1,22.131,366,1.64e-14,73.2
sp|F2SHL1.3|MDR1_TRIRC,XP_001242727.2,22.052,653,5.41e-24,104.0
sp|P9WEU4.1|AFR1_CRYD2,XP_001240845.1,22.034,354,8.39e-16,77.4
sp|A0A2H1A768.1|CDR1_CANAR,XP_001247950.2,21.973,223,5.97e-06,45.1
sp|E9RBG1.1|ABCC_ASPFU,XP_001244126.2,21.93,228,1.68e-06,47.0
sp|Q4WSI1.1|MDR4_ASPFU,XP_001240132.1,21.915,543,1.08e-19,90.1
sp|J9VF33.1|MDR1_CRYNH,XP_001242271.1,21.913,1150,1.2e-51,194.0
sp|F2SQT8.3|MDR5_TRIRC,XP_001242728.2,21.852,270,1.34e-08,53.9
sp|E9RBG1.1|ABCC_ASPFU,XP_001242301.1,21.752,993,1.9e-14,73.2
sp|J9VPA2.1|AFR2_CRYNH,XP_001240143.1,21.739,713,8.58e-28,117.0
sp|F2SHL1.3|MDR1_TRIRC,XP_001247647.1,21.679,655,4.07e-20,92.0
sp|E9RBG1.1|ABCC_ASPFU,XP_001242301.1,21.521,539,1.57e-11,63.5
sp|P33302.1|PDR5_YEAST,XP_001240845.1,21.371,248,5.14e-06,45.4
sp|Q6FQN3.1|SNQ2_CANGA,XP_001240845.1,21.318,258,2.65e-06,46.6
sp|F2SHL1.3|MDR1_TRIRC,XP_001240845.1,21.198,217,1.13e-08,54.3
sp|Q6FK23.1|CDR1_CANGA,XP_001240845.1,20.988,243,1.72e-07,50.4
sp|F2SG60.3|MDR3_TRIRC,XP_001248145.2,20.604,563,7.55e-26,110.0
sp|F2SHL1.3|MDR1_TRIRC,XP_001239472.1,20.509,668,1.22e-20,93.6
sp|F2SQT8.3|MDR5_TRIRC,XP_004445935.1,20.12,502,4.62e-12,65.1
EDP51357.1,XP_004445935.1,20.11,547,5.94e-15,74.7
sp|Q4WTT9.1|MDR1_ASPFU,XP_004445935.1,20.11,547,6.47e-15,74.7
sp|A0A2H1A768.1|CDR1_CANAR,XP_001240845.1,18.636,220,1.23e-06,47.4
